Workbook

Sheet Raw_Dataset
A1: Crop | B1: Crop_Year | C1: Season | D1: State | E1: Area | F1: Production | G1: Annual_Rainfall | H1: Fertilizer | I1: Pesticide | J1: Yield | K1: Avg_Temperature | L1: Max_Temperature | M1: Min_Temperature
A2: Rice | B2: 1997 | C2: Autumn | D2: Assam | E2: 607358 | F2: 398311 | G2: 2051.4 | H2: 57802261 | I2: 188280.98 | J2: 0.781 | K2: 23.692 | L2: 33.435 | M2: 14.779
A3: Rice | B3: 1997 | C3: Summer | D3: Assam | F3: 209623 | G3: 2051.4 | H3: 16652276 | J3: 1.06 | K3: 23.692 | L3: 33.435 | M3: 14.779
A4: Rice | B4: 1997 | C4: Winter | D4: Assam | E4: 1743321 | F4: 1647296 | G4: 2051.4 | H4: 1.6591186e+08 | I4: 540429.51 | J4: 0.941 | K4: 23.692 | L4: 33.435 | M4: 14.779
A5: Sugarcane | B5: 1997 | C5: Kharif | D5: Assam | E5: 31318 | F5: 1287451 | G5: 2051.4 | I5: 9708.58 | J5: 41.897 | K5: 23.692 | L5: 33.435 | M5: 14.779
A6: Wheat | B6: 1997 | C6: Rabi | D6: Assam | E6: 84698 | F6: 110054 | G6: 2051.4 | H6: 8060708.7 | I6: 26256.38 | J6: 1.26 | K6: 23.692 | L6: 33.435 | M6: 14.779
A7: Ragi | B7: 1997 | C7: Kharif | D7: Karnataka | E7: 897921 | F7: 1214282 | G7: 1266.7 | H7: 85455142 | I7: 278355.51 | J7: 1.191 | K7: 25.766 | L7: 35.922 | M7: 16.838
A8: Ragi | B8: 1997 | D8: Karnataka | E8: 27104 | F8: 33696 | G8: 1266.7 | H8: 2579487.7 | I8: 8402.24 | J8: 1.312 | K8: 25.766 | L8: 35.922 | M8: 16.838
A9: Ragi | B9: 1997 | C9: Summer | D9: Karnataka | E9: 13521 | F9: 25035 | G9: 1266.7 | H9: 1286793.6 | I9: 4191.51 | J9: 1.848 | K9: 25.766 | L9: 35.922 | M9: 16.838
A10: Rice | B10: 1997 | C10: Kharif | D10: Karnataka | E10: 1031530 | F10: 2340493 | G10: 1266.7 | H10: 98170710 | I10: 319774.3 | J10: 2.234 | K10: 25.766 | L10: 35.922 | M10: 16.838
A11: Rice | B11: 1997 | C11: Rabi | D11: Karnataka | E11: 53889 | F11: 109350 | G11: 1266.7 | H11: 5128616.1 | I11: 16705.59 | K11: 25.766 | L11: 35.922 | M11: 16.838
A12: Rice | B12: 1997 | C12: Summer | D12: Karnataka | E12: 268044 | F12: 762759 | G12: 1266.7 | H12: 25509747 | I12: 83093.64 | J12: 2.829 | K12: 25.766 | L12: 35.922 | M12: 16.838
A13: Sugarcane | B13: 1997 | C13: Whole Year | D13: Karnataka | E13: 308857 | F13: 28999269 | G13: 1266.7 | I13: 95745.67 | J13: 91.747 | K13: 25.766 | L13: 35.922 | M13: 16.838
A14: Wheat | B14: 1997 | C14: Rabi | D14: Karnataka | E14: 250698 | F14: 118512 | G14: 1266.7 mm | H14: 23858929 | I14: 77716.38 | J14: 0.548 | K14: 25.766 | L14: 35.922 | M14: 16.838
A15: Rice | B15: 1997 | C15: Kharif | D15: Meghalaya | E15: 105170 | F15: 150101 | G15: 3818.2 | I15: 32602.7 | J15: 1.379 | K15: 18.57 | L15: 26.645 | M15: 10.664
A16: Sugarcane | B16: 1997 | C16: Whole Year | D16: Meghalaya | E16: 82 | F16: 225 | G16: 3818.2 | H16: 7803.94 | I16: 25.42 | J16: 2.352 | K16: 18.57 | L16: 26.645 | M16: 10.664
A17: Wheat | B17: 1997 | C17: Rabi | D17: Meghalaya | E17: 4287 | F17: 6894 | G17: 3818.2 | H17: 407993.79 | I17: 1328.97 | J17: 1.385 | K17: 18.57 | L17: 26.645 | M17: 10.664
A18: Ragi | B18: 1997 | C18: Autumn | D18: West Bengal | E18: 12607 | F18: 15330 | G18: 1852.9 | H18: 1199808.2 | I18: 3908.17 | J18: 0.986 | K18: 25.795 | L18: 35.236 | M18: 17.038
A19: Rice | B19: 1997 | C19: Autumn | D19: West Bengal | E19: 423121 | F19: 751,970 | G19: 1852.9 | H19: 40268426 | J19: 1.837 | K19: 25.795 | L19: 35.236 | M19: 17.038
A20: Rice | B20: 1997 | C20: Summer | D20: West Bengal | E20: 1206829 | F20: 3569520 | G20: 1852.9 | H20: 1.1485392e+08 | I20: 374116.99 kg | J20: 2.844 | K20: 25.795 | L20: 35.236 | M20: 17.038
A21: Rice | B21: 1997 | C21: Winter | D21: West Bengal | E21: 4270328 | F21: 8915100 | G21: 18529 | H21: 4.0640712e+08 | I21: 1323801.7 | J21: 1.986 | K21: 25.795 | L21: 35.236 | M21: 17.038
A22: Sugarcane | B22: 1997 | C22: Whole Year | D22: West Bengal | E22: 25797 | F22: 1818700 | G22: 1852.9 | H22: 2455100.5 | I22: 7997.07 | J22: 67.836 | K22: 25.795 | L22: 35.236 | M22: 17.038
A23: Sunflower | B23: 1997 | C23: Whole Year | D23: West Bengal | E23: 278 | F23: 1 | I23: 86.18 | K23: 25.795 | L23: 35.236 | M23: 17.038
A24: Urad | B24: 1997 | C24: kharif | D24: West Bengal | E24: 69271 | F24: 44480 | G24: 1852.9 | H24: 6592521.1 | I24: 21474.01 | J24: 1.825 | K24: 25.795 | L24: 35.236 | M24: 17.038
A25: Urad | B25: 1997 | C25: rabi | D25: West Bengal | E25: 16694 | F25: 10553 | G25: 1852.9 | H25: 1588768 | I25: 5175.14 | J25: 0.628 | K25: 25.795 | L25: 35.236 | M25: 17.038
A26: Wheat | B26: 1997 | C26: Rabi | D26: West Bengal | E26: 367374 | G26: 1852.9 | H26: 34962984 | I26: 113885.94 | J26: 1.887 | K26: 25.795 | L26: 35.236 | M26: 17.038
A27: Ragi | B27: 1998 | C27: Kharif | D27: Puducherry | E27: 112 | F27: 366 | G27: 1434.588 | H27: 11065.6 | I27: 32.48 | J27: 3.27 | K27: 28.324 | L27: 32.859 | M27: 24.576
A28: Rice | B28: 1998 | C28: Kharif | D28: Puducherry | E28: 4945 | F28: 11518 | G28: 1434.588 | H28: 488566 | I28: 1434.05 | J28: 2.46 | K28: 28.324 | L28: 32.859 | M28: 24.576
A29: Rice | B29: 1998 | D29: Puducherry | E29: 13961 | F29: 30220 | G29: 1434.588 | H29: 1379346.8 | I29: 4048.69 | J29: 2.555 | K29: 28.324 | L29: 32.859 | M29: 24.576
A30: Rice | B30: 1998 | C30: Summer | D30: Puducherry | E30: 5716 | F30: 14863 | G30: 1434.588 | H30: 564740.8 | I30: 1657.64 | J30: 2.55 | K30: 28.324 | L30: 32.859 | M30: 24.576
A31: Sugarcane | B31: 1998 | C31: Kharif | D31: Puducherry | E31: 2710 | F31: 232369 | G31: 1434.588 | H31: 267748 | I31: 785.9 | J31: 82.595 | K31: 28.324 | L31: 32.859 | M31: 24.576
A32: Rice | B32: 1998 | C32: Autumn | D32: Assam | E32: 594979 | F32: 520605 | G32: 2354.4 | H32: 58783925 | I32: 172543.91 | J32: 1.056 | K32: 24.142 | L32: 33.323 | M32: 16.002
A33: Rice | B33: 1998 | C33: Summer | D33: Assam | E33: 223913 | F33: 446114 | G33: 2354.4 | H33: 22122604 | I33: 64934.77 | J33: 1.685 | K33: 24.142 | L33: 33.323 | M33: 16.002
A34: Rice | B34: 1998 | C34: Winter | D34: Assam | E34: 1635230 | F34: 2288114 | G34: 2354.4 | H34: 161560724 | I34: 474216.7 | J34: 1.396 | K34: 24.142 | L34: 33.323 | M34: 16.002
A35: Sugarcane | B35: 1998 | C35: Whole Year | D35: Assam | E35: 30571 | F35: 1223578 | G35: 2354.4 | H35: 3020414.8 | I35: 8865.59 | J35: 39.893 | K35: 24.142 | L35: 33.323 | M35: 16.002
A36: Wheat | B36: 1998 | C36: Rabi | D36: Assam | E36: 89591 | F36: 90509 | G36: 2354.4 | H36: 8851590.8 | I36: 25981.39 | J36: 1 | K36: 24.142 | L36: 33.323 | M36: 16.002
A37: Ragi | B37: 1998 | C37: Kharif | D37: Goa | F37: 2476 | G37: 2964.9 | H37: 247000 | I37: 725 | J37: 0.99 | K37: 25.083 | L37: 34.938 | M37: 17.258
A38: Rice | B38: 1998 | C38: KHARIF | D38: Goa | E38: 41000 | F38: 104249 | G38: 2964.9 | H38: 4050800 | I38: 11890 | J38: 2.54 | K38: 25.083 | L38: 34.938 | M38: 17.258
A39: Rice | B39: 1998 | C39: RABI | D39: Goa | E39: 15439 | F39: 46925 | G39: 2964.9 | H39: 1525373.2 | I39: 4477.31 | J39: 3.04 | K39: 25.083 | L39: 34.938 | M39: 17.258
A40: Sugarcane | B40: 1998 | C40: Whole Year | D40: Goa | E40: 1320 | F40: 64000 | G40: 2964.9 | H40: 130416 | I40: 382.8 | J40: 48.48 | K40: 25.083 | L40: 34.938 | M40: 17.258
A41: Ragi | B41: 1998 | C41: Kharif | D41: Karnataka | E41: 986173 | F41: 1664767 | H41: 97433892 | I41: 285990.17 | J41: 1.418 | K41: 25.85 | L41: 36.034 °C | M41: 16.947
A42: Ragi | B42: 1998 | C42: Rabi | D42: Karnataka | E42: 33833 | F42: 45301 | G42: 1260.8 | H42: 3342700.4 | I42: 9811.57 | J42: 1.361 | K42: 25.85 | L42: 36.034 | M42: 16.947
A43: Ragi | B43: 1998 | D43: Karnataka | E43: 10673 | F43: 24008 | G43: 1260.8 | H43: 1054492.4 | I43: 3095.17 | J43: 2.239 | L43: 36.034 | M43: 16.947
A44: Rice | B44: 1998 | C44: Kharif | D44: Karnataka | E44: 1079193 | F44: 2599170 | G44: 1260.8 | H44: 1.0662427e+08 | I44: 312965.97 | J44: 2.311 | K44: 25.85 | L44: 36.034 | M44: 16.947
A45: Rice | B45: 1998 | C45: Rabi | D45: Karnataka | E45: 51782 | F45: 106072 | G45: 1260.8 | H45: 5116061.6 | I45: 15016.78 | J45: 2.054 | K45: 25.85 | L45: 36.034 | M45: 16.947
A46: Rice | B46: 1998 | C46: Summer | D46: Karnataka | E46: 295830 | G46: 1260.8 | H46: 29228004 | I46: 85790.7 | J46: 2.994 | K46: 25.85 | L46: 36.034 | M46: 16.947
A47: Sunflower | B47: 1998 | C47: Kharif | D47: Karnataka | E47: 430676 | F47: 127090 | G47: 1260.8 | H47: 42550789 | I47: 124896.04 | J47: 0.383 | K47: 25.85 | L47: 36.034 | M47: 16.947
A48: Sunflower | B48: 1998 | C48: Rabi | D48: Karnataka | E48: 359514 | F48: 112736 | G48: 1260.8 | H48: 35519983 | I48: 104259.06 | J48: 0.39 | K48: 25.85 | L48: 36.034 | M48: 16.947
A49: Sunflower | B49: 1998 | C49: Summer | D49: Karnataka | E49: 43156 | F49: 24211 | G49: 1260.8 | H49: 4263812.8 | I49: 12515.24 | J49: 0.595 | K49: 25.85 | L49: 36.034 | M49: 16.947
A50: Wheat | B50: 1998 | C50: Rabi | D50: Karnataka | E50: 268981 | F50: 219433 | G50: 1260.8 | H50: 26575323 | I50: 78004.49 | J50: 0.849 | K50: 25.85 | L50: 36.034 | M50: 16.947
A51: Ragi | B51: 1998 | C51: Kharif | D51: Kerala | E51: 1157 | F51: 936 | G51: 3151.5 | H51: 114311.6 | I51: 335.53 | J51: 0.81 | K51: 25.354 | L51: 32.692 | M51: 19.955
A52: Rice | B52: 1998 | C52: Autumn | D52: Kerala | E52: 120217 | F52: 235849 | G52: 3151.5 | H52: 11877440 | I52: 34862.93 | J52: 1.857 | K52: 25.354 | L52: 32.692 | M52: 19.955
A53: Rice | B53: 1998 | D53: Kerala | E53: 57700 | F53: 144872 | G53: 3151.5 | H53: 5700760 | I53: 16733 | J53: 2.116 | K53: 25.354 | L53: 32.692 | M53: 19.955
A54: Rice | B54: 1998 | D54: Kerala | E54: 174714 | F54: 346022 | G54: 3151.5 | H54: 17261743 | I54: 50667.06 | J54: 1.937 | K54: 25.354 | L54: 32.692 | M54: 19.955
A55: Sugarcane | B55: 1998 | C55: Whole Year | D55: Kerala | E55: 6160 | G55: 3151.5 | H55: 608608 | I55: 1786.4 | J55: 64.83 | K55: 25.354 | L55: 32.692 | M55: 19.955
A56: Rice | B56: 1998 | C56: Kharif | D56: Meghalaya | E56: 105402 | F56: 149742 | G56: 6552.7 | H56: 10413718 | I56: 30566.58 | J56: 1.51 | K56: 19.131 | L56: 26.694 | M56: 11.292
A57: Sugarcane | B57: 1998 | C57: Whole Year | D57: Meghalaya | E57: 83 | F57: 225 | G57: 6552.7 | H57: 8200.4 | I57: 24.07 | J57: 2.328 | K57: 19.131 | L57: 26.694 | M57: 11.292
A58: Wheat | B58: 1998 | C58: Rabi | D58: Meghalaya | E58: 4287 | F58: 6998 | G58: 6552.7 | H58: 423555.6 | I58: 1243.23 | J58: 1.605 | K58: 19.131 | L58: 26.694 °C | M58: 11.292
A59: Ragi | B59: 1998 | C59: Kharif | D59: West Bengal | E59: 12895 | G59: 2152.5 | H59: 1274026 | I59: 3739.55 | J59: 0.91 | K59: 25.748 | L59: 35.759 | M59: 16.392
A60: Rice | B60: 1998 | C60: Autumn | D60: West Bengal | E60: 425002 | F60: 740688 | G60: 2152.5 | H60: 41990198 | I60: 123250.58 | J60: 1.751 | L60: 35.759 | M60: 16.392
A61: Rice | B61: 1998 | C61: Summer | D61: West Bengal | E61: 1450473 | F61: 4921984 | G61: 2152.5 | H61: 1.4330673e+08 | I61: 420637.17 | K61: 25.748 | L61: 35.759 | M61: 16.392
A62: Rice | B62: 1998 | C62: Winter | D62: West Bengal | E62: 4028620 | F62: 7653780 | G62: 2152.5 | H62: 398027656 | I62: 1168299.8 | J62: 1.782 | K62: 25.748 | L62: 35.759 | M62: 16.392
A63: Sugarcane | B63: 1998 | C63: Whole Year | D63: West Bengal | E63: 26949 | F63: 2001900 | G63: 2152.5 | H63: 2662561.2 | I63: 7815.21 | J63: 75.314 | K63: 25.748 | L63: 35.759 | M63: 16.392
A64: Sunflower | B64: 1998 | C64: Kharif | D64: West Bengal | E64: 149 | F64: 111 | G64: 2152.5 | H64: 14721.2 | I64: 43.21 | J64: 0.71 | K64: 25.748 | L64: 35.759 | M64: 16.392
A65: Urad | B65: 1998 | C65: Kharif | D65: West Bengal | E65: 58878 | F65: 25071 | G65: 2152.5 | H65: 5817146.4 | I65: 17074.62 | J65: 0.402 | K65: 25.748 | L65: 35.759 | M65: 16.392
A66: Urad | B66: 1998 | C66: Rabi | D66: West Bengal | E66: 15112 | F66: 9700 | G66: 2152.5 | H66: 1493065.6 | I66: 4382.48 | J66: 0.649 | K66: 25.748 | L66: 35.759 | M66: 16.392
A67: Wheat | B67: 1998 | C67: Rabi | D67: West Bengal | E67: 367472 | F67: 778090 | G67: 2152.5 | H67: 36306234 | I67: 106566.88 | J67: 1.871 | K67: 25.748 | L67: 35.759 | M67: 16.392
A68: Rice | B68: 1999 | D68: Assam | E68: 557220 | F68: 514156 | G68: 2201.8 | H68: 59137759 | I68: 150449.4 | J68: 1.095 | K68: 24.694 | L68: 34.815
A69: Rice | B69: 1999 | C69: Summer | D69: Assam | E69: 294654 | F69: 653783 | G69: 2201.8 | H69: 31271629 | I69: 79556.58 | J69: 1.99 | K69: 24.694 | L69: 34.815 | M69: 16.007
A70: Rice | B70: 1999 | C70: Winter | D70: Assam | E70: 1793994 | F70: 2692709 | G70: 2201.8 | H70: 1.9039658e+08 | I70: 484378.38 | J70: 1.501 | K70: 24.694 | L70: 34.815 | M70: 16.007
A71: Sugarcane | B71: 1999 | C71: Whole Year | D71: Assam | E71: 29107 | F71: 1154615 | G71: 2201.8 | H71: 3089125.9 | I71: 7858.89 | J71: 40.435 | K71: 24.694 | L71: 34.815 | M71: 16.007
A72: Wheat | B72: 1999 | C72: Rabi | D72: Assam | F72: 97583 | G72: 2201.8 | H72: 8098780.3 | I72: 20603.7 | J72: 1.257 | K72: 24.694 | L72: 34.815 | M72: 16.007
A73: Ragi | B73: 1999 | C73: Kharif | D73: Goa | E73: 1000 | F73: 1070 | H73: 106130 | I73: 270 | J73: 1.07 | K73: 24.848 | L73: 34.758 | M73: 16.958
A74: Rice | B74: 1999 | C74: Kharif | D74: Goa | E74: 40500 | F74: 96281 | G74: 3879.3 | H74: 4,298,265 | I74: 10935 | J74: 2.38 | K74: 24.848 | L74: 34.758 | M74: 16.958
A75: Rice | B75: 1999 | C75: Rabi | D75: Goa | E75: 16213 | F75: 43642 | G75: 3879.3 | H75: 1720685.7 | I75: 4377.51 | J75: 2.69 | K75: 24.848 | L75: 34.758 | M75: 16.958
A76: Sugarcane | B76: 1999 | C76: Whole Year | D76: Goa | E76: 1335 | F76: 68440 | G76: 3879.3 | H76: 141683.55 | I76: 360.45 | J76: 51.27 | K76: 24.848 | L76: 34.758 | M76: 16.958
A77: Ragi | B77: 1999 | C77: Kharif | D77: Kerala | E77: 870 | F77: 0 | G77: 2914.6 | H77: 92333.1 | I77: 234.9 | J77: 0.815 | K77: 24.741 | L77: 32.075 | M77: 19.345
A78: Rice | B78: 1999 | C78: Autumn | D78: Kerala | E78: 121525 | F78: 252876 | G78: 2914.6 | H78: 12897448 | I78: 32811.75 | J78: 2.082 | K78: 24.741 | L78: 32.075 | M78: 19.345
A79: Rice | B79: 1999 | C79: Summer | D79: Kerala | E79: 58021 | F79: 144551 | G79: 2914.6 | H79: 6157768.7 | I79: 15665.67 | J79: 2.293 | K79: 24.741 | L79: 32.075 | M79: 19.345
A80: Rice | B80: 1999 | C80: Winter | D80: Kerala | E80: 170228 | F80: 373259 | G80: 2914.6 | H80: 18066298 | I80: 45961.56 | J80: 2.097 | K80: 24.741 | L80: 32.075 | M80: 19.345
A81: Sugarcane | B81: 1999 | C81: Whole Year | D81: Kerala | E81: 5780 ha | F81: 578820 | G81: 2914.6 | H81: 613431.4 | I81: 1560.6 | J81: 88.222 | K81: 24.741 | L81: 32.075 | M81: 19.345
A82: Rice | B82: 1999 | C82: Kharif | D82: Meghalaya | E82: 102482 | F82: 156887 | G82: 6200.3 | H82: 10876415 | I82: 27670.14 | J82: 1.606 | K82: 19.588 | L82: 27.849 | M82: 11.732
A83: Rice | B83: 1999 | C83: Rabi | D83: Meghalaya | E83: 3929 | G83: 6200.3 | H83: 416984.77 | I83: 1060.83 | J83: 1.756 | K83: 19.588 | L83: 27.849 | M83: 11.732
A84: Sugarcane | B84: 1999 | C84: Whole Year | D84: Meghalaya | E84: 80 | F84: 223 | G84: 6200.3 | H84: 8490.4 | I84: 21.6 | J84: 2.372 | K84: 19.588 | L84: 27.849 | M84: 11.732
A85: Ragi | B85: 1999 | C85: Kharif | D85: Puducherry | E85: 124 | F85: 452 | G85: 1434.588 | H85: 13160.12 | I85: 33.48 | J85: 3.325 | K85: 27.736 | L85: 32.794 | M85: 23.785
A86: Rice | B86: 1999 | C86: Kharif | D86: Puducherry | F86: 59433 | G86: 1434.588 | H86: 2700371.7 | I86: 6869.88 | J86: 2.61 | K86: 27.736 | L86: 32.794 | M86: 23.785
A87: Sugarcane | B87: 1999 | C87: Whole Year | D87: Puducherry | E87: 2798 | F87: 237610 | G87: 1434.588 | H87: 296951.74 | I87: 755.46 | J87: 83 | K87: 27.736 | L87: 32.794 | M87: 23.785
A88: Urad | B88: 1999 | D88: Puducherry | E88: 3159 | F88: 2467 | G88: 1434.588 | H88: 335264.67 | I88: 852.93 | J88: 0.763 | K88: 27.736 | L88: 32.794 | M88: 23.785
A89: Ragi | B89: 1999 | C89: Kharif | D89: West Bengal | E89: 12489 | F89: 15051 | G89: 2318.1 | H89: 1325457.6 | I89: 3372.03 | J89: 0.898 | K89: 25.806 | L89: 36.204 | M89: 16.809
A90: Rice | B90: 1999 | C90: Autumn | D90: West Bengal | E90: 427155 | F90: 827970 | G90: 2318.1 | H90: 45333960 | I90: 115331.85 | J90: 1.869 | K90: 25.806 | L90: 36.204 | M90: 16.809
A91: Rice | B91: 1999 | C91: Summer | D91: West Bengal | E91: 1474338 | F91: 4468400 | G91: 2318.1 | H91: 1.5647149e+08 | I91: 398071.26 | J91: 2.897 | K91: 25.806 | L91: 36.204 | M91: 16.809
A92: Rice | B92: 1999 | C92: Winter | D92: West Bengal | E92: 4248946 | F92: 8463310 | G92: 2318.1 | H92: 450940639 | I92: 1147215.4 | J92: 1.907 | K92: 25.806 | L92: 36.204 | M92: 16.809
A93: Sugarcane | B93: 1999 | C93: Whole Year | D93: West Bengal | E93: 22883 | F93: 1762806 | G93: 2318.1 | H93: 2428572.8 | I93: 6178.41 | J93: 78.572 | K93: 25.806 | L93: 36.204 | M93: 16.809
A94: Sunflower | B94: 1999 | C94: Kharif | D94: West Bengal | E94: 150 | F94: 90 | G94: 2318.1 | H94: 15919.5 | J94: 0.683 | K94: 25.806 | L94: 36.204
A95: Urad | B95: 1999 | C95: KHARIF | D95: West Bengal | E95: 60254 | F95: 35523 | G95: 2318.1 | H95: 6394757 | I95: 16268.58 | J95: 0.567 | K95: 25.806 | L95: 36.204 | M95: 16.809
A96: Urad | B96: 1999 | C96: Rabi | D96: West Bengal | E96: 18527 | F96: 10987 | G96: 2318.1 | H96: 1966270.5 | I96: 5002.29 | J96: 0.637 | K96: 25.806 | L96: 36.204 | M96: 16.809
A97: Wheat | B97: 1999 | C97: Rabi | D97: West Bengal | E97: 364155 | F97: 850778 | G97: 2318.1 | H97: 38647770 | I97: 98321.85 | J97: 2.097 | K97: 25.806 | L97: 36.204 | M97: 16.809 °C
A98: Ragi | B98: 2000 | C98: Kharif | D98: Andhra Pradesh | E98: 83492 | F98: 92780 | G98: 935.6 | H98: 8196409.6 | I98: 21707.92 | J98: 1.172 | K98: 27.813 | L98: 37.114 | M98: 20.098
A99: Ragi | B99: 2000 | C99: Rabi | D99: Andhra Pradesh | F99: 27299 | G99: 935.6 | H99: 1547159.2 | J99: 1.639 | K99: 27.813 | L99: 37.114 | M99: 20.098
A100: Rice | B100: 2000 | C100: Kharif | D100: Andhra Pradesh | E100: 3003673 | F100: 8233806 | G100: 935.6 | H100: 2.9487058e+08 | I100: 780954.98 | J100: 2.7 | K100: 27.813 | L100: 37.114 | M100: 20.098
...

Sheet 2010-2020crops cleaned
A1: Crop | B1: Crop_Year | C1: Season | D1: State | E1: Area(hectare) | F1: Production(Tones) | G1: Calculated Production | H1: Annual_Rainfall(mm) | I1: Fertilizer(kg) | J1: Pesticide(kg) | K1: Yield | L1: Avg_Temperature(°C) | M1: Max_Temperature(°C) | N1: Min_Temperature(°C)
A2: Ragi | B2: 2010 | C2: Kharif | D2: Puducherry | E2: 14 | F2: 29 | G2: 22.05 | H2: 1434.588 | I2: 2325.54 | J2: 3.36 | K2: 1.575 | L2: 28.059 | M2: 32.519 | N2: 24.308
A3: Ragi | B3: 2010 | C3: Rabi | D3: Puducherry | E3: 1 | F3: 2 | G3: 2 | H3: 1434.588 | I3: 166.11 | J3: 0.24 | K3: 2 | L3: 28.059 | M3: 32.519 | N3: 24.308
A4: Ragi | B4: 2010 | C4: Summer | D4: Puducherry | E4: 8 | F4: 20 | G4: 20 | H4: 1434.588 | I4: 1328.88 | J4: 1.92 | K4: 2.5 | L4: 28.059 | M4: 32.519 | N4: 24.308
A5: Rice | B5: 2010 | C5: Kharif | D5: Puducherry | E5: 4384 | F5: 12602 | G5: 11718.432 | H5: 1434.588 | I5: 728226.24 | J5: 1052.16 | K5: 2.673 | L5: 28.059 | M5: 32.519 | N5: 24.308
A6: Rice | B6: 2010 | C6: Rabi | D6: Puducherry | E6: 10920 | F6: 26585 | G6: 37641.24 | H6: 1434.588 | I6: 1813921.2 | J6: 2620.8 | K6: 3.447 | L6: 28.059 | M6: 32.519 | N6: 24.308
A7: Rice | B7: 2010 | C7: Summer | D7: Puducherry | E7: 4710 | F7: 12773 | G7: 12717 | H7: 1434.588 | I7: 782378.1 | J7: 1130.4 | K7: 2.7 | L7: 28.059 | M7: 32.519 | N7: 24.308
A8: Sugarcane | B8: 2010 | C8: Kharif | D8: Puducherry | E8: 1765 | F8: 277683 | G8: 203310.35 | H8: 1434.588 | I8: 293184.15 | J8: 423.6 | K8: 115.19 | L8: 28.059 | M8: 32.519 | N8: 24.308
A9: Sunflower | B9: 2010 | C9: Kharif | D9: Puducherry | E9: 1 | F9: 1 | G9: 1 | H9: 1434.588 | I9: 166.11 | J9: 0.24 | K9: 1 | L9: 28.059 | M9: 32.519 | N9: 24.308
A10: Urad | B10: 2010 | C10: Kharif | D10: Puducherry | E10: 22 | F10: 17 | G10: 16.94 | H10: 1434.588 | I10: 3654.42 | J10: 5.28 | K10: 0.77 | L10: 28.059 | M10: 32.519 | N10: 24.308
A11: Urad | B11: 2010 | C11: Rabi | D11: Puducherry | E11: 189 | F11: 206 | G11: 206.01 | H11: 1434.588 | I11: 31394.79 | J11: 45.36 | K11: 1.09 | L11: 28.059 | M11: 32.519 | N11: 24.308
A12: Urad | B12: 2010 | C12: Summer | D12: Puducherry | E12: 916 | F12: 374 | G12: 574.332 | H12: 1434.588 | I12: 152156.76 | J12: 219.84 | K12: 0.627 | L12: 28.059 | M12: 32.519 | N12: 24.308
A13: Rice | B13: 2010 | C13: Autumn | D13: Assam | E13: 307988 | F13: 355825 | G13: 392068.72 | H13: 2578.5 | I13: 51159887 | J13: 73917.12 | K13: 1.273 | L13: 23.876 | M13: 32.111 | N13: 16.375
... A31: Rice | B31: 2010 | C31: Kharif | D31: Karnataka | E31: 1129304 | F31: 2997172.8 | G31: 2997172.8 | H31: 1317.7 | I31: 1.8758869e+08 | J31: 139190.19 | K31: 2.654 | L31: 25.658 | M31: 35.068 | N31: 16.714
A32: Rice | B32: 2010 | C32: Rabi | D32: Karnataka | E32: 49700 | F32: 117501 | G32: 1325996 | H32: 1317.7 | I32: 8255667 | J32: 11928 | K32: 26.68 | L32: 25.658 | M32: 35.07 | N32: 16.714
A33: Rice | B33: 2010 | C33: Summer | D33: Karnataka | E33: 360062 | F33: 1163725 | G33: 1057142 | H33: 1317.7 | I33: 59809899 | J33: 86414.88 | K33: 2.936 | L33: 25.658 | M33: 35.670389 | N33: 16.714
A34: Sugarcane | B34: 2010 | C34: Whole Year | D34: Karnataka | E34: 436798 | F34: 42276713 | G34: 42513986 | H34: 1317.7 | I34: 72556516 | J34: 104831.52 | K34: 97.331 | L34: 25.658 | M34: 35.068 | N34: 16.714
A35: Sunflower | B35: 2010 | C35: Kharif | D35: Karnataka | E35: 193955 | F35: 97869 | G35: 110554.35 | H35: 1317.7 | I35: 32217865 | J35: 46549.2 | K35: 0.57 | L35: 25.658 | M35: 35.068 | N35: 16.714
A36: Sunflower | B36: 2010 | C36: Rabi | D36: Karnataka | E36: 193178 | F36: 98783 | G36: 136576.85 | H36: 1317.7 | I36: 32088798 | J36: 46362.72 | K36: 0.707 | L36: 25.658 | M36: 35.068 | N36: 16.714
A37: Sunflower | B37: 2010 | C37: Summer | D37: Karnataka | E37: 22120 | F37: 22405 | G37: 22827.84 | H37: 1317.7 | I37: 3674353.2 | J37: 5308.8 | K37: 1.032 | L37: 25.658 | M37: 35.068 | N37: 16.714
A38: Urad | B38: 2010 | C38: Kharif | D38: Karnataka | E38: 118318 | F38: 42990 | G38: 42949.434 | H38: 1317.7 | I38: 19653803 | J38: 28396.32 | K38: 0.363 | L38: 25.891 | M38: 35.068 | N38: 16.714
A39: Urad | B39: 2010 | C39: Rabi | D39: Karnataka | E39: 8727 | F39: 4079 | G39: 4079 | H39: 1317.7 | I39: 1449642 | J39: 2094.48 | K39: 0.46740002 | L39: 25.658 | M39: 35.068 | N39: 16.661878
A40: Wheat | B40: 2010 | C40: Rabi | D40: Karnataka | E40: 254755 | F40: 300237 | G40: 297044.33 | H40: 1317.7 | I40: 42317353 | J40: 63845.544 | K40: 1.166 | L40: 25.658 | M40: 35.068 | N40: 16.714
A41: Rice | B41: 2010 | C41: Autumn | D41: Kerala | E41: 70498.28 | F41: 170262 | G41: 157704.65 | H41: 3131.8 | I41: 11710469 | J41: 16919.587 | K41: 2.237 | L41: 25.239 | M41: 32.523 | N41: 20.003
A42: Rice | B42: 2010 | C42: Summer | D42: Kerala | E42: 51132.63 | F42: 137465 | G42: 126808.92 | H42: 3131.8 | I42: 8493641.2 | J42: 12271.831 | K42: 2.48 | L42: 25.239 | M42: 32.523 | N42: 20.003
A43: Rice | B43: 2010 | C43: Winter | D43: Kerala | E43: 91555.59 | F43: 215011 | G43: 201605.41 | H43: 3131.8 | I43: 15208299 | J43: 21973.342 | K43: 2.202 | L43: 25.239 | M43: 32.523 | N43: 20.003
A44: Sugarcane | B44: 2010 | C44: Whole Year | D44: Kerala | E44: 2844.91 | F44: 271845 | G44: 118112.13 | H44: 3131.8 | I44: 472568 | J44: 682.778 | K44: 41.517 | L44: 25.239 | M44: 32.523 | N44: 20.003
A45: Rice | B45: 2010 | C45: Autumn | D45: Meghalaya | E45: 32596 | F45: 42492 | G45: 49871.88 | H45: 3119.7 | I45: 5414521.6 | J45: 7823.04 | K45: 1.53 | L45: 19.235 | M45: 26.452 | N45: 11.877
A46: Rice | B46: 2010 | C46: Rabi | D46: Meghalaya | E46: 12797 | F46: 47413 | G46: 26579.369 | H46: 3119.7 | I46: 2125709.7 | J46: 3071.28 | K46: 2.077 | L46: 19.235 | M46: 26.452 | N46: 11.877
A47: Rice | B47: 2010 | C47: Winter | D47: Meghalaya | E47: 62892 | F47: 117116 | G47: 115029.47 | H47: 3119.7 | I47: 10446990 | J47: 15094.08 | K47: 1.829 | L47: 19.235 | M47: 26.452 | N47: 11.877
A48: Sugarcane | B48: 2010 | C48: Whole Year | D48: Meghalaya | E48: 68 | F48: 180 | G48: 159.8 | H48: 3119.7 | I48: 11295.48 | J48: 16.32 | K48: 2.35 | L48: 19.235 | M48: 26.452 | N48: 11.877
A49: Wheat | B49: 2010 | C49: Rabi | D49: Meghalaya | E49: 393 | F49: 704 | G49: 490.464 | H49: 3119.7 | I49: 65281.23 | J49: 94.32 | K49: 1.248 | L49: 19.235 | M49: 26.452 | N49: 11.877
A50: Ragi | B50: 2011 | C50: Kharif | D50: Puducherry | E50: 12 | F50: 33 | G50: 33 | H50: 1434.588 | I50: 2010.24 | J50: 3.96 | K50: 2.75 | L50: 27.938 | M50: 32.262 | N50: 24.39863
A51: Ragi | B51: 2011 | C51: Summer | D51: Puducherry | E51: 10 | F51: 25 | G51: 25 | H51: 1434.588 | I51: 1675.2 | J51: 3.3 | K51: 2.5 | L51: 27.938 | M51: 32.262 | N51: 24.39863
A52: Rice | B52: 2011 | C52: Kharif | D52: Puducherry | E52: 4237 | F52: 12794 | G52: 12910.139 | H52: 1434.588 | I52: 709782.24 | J52: 1398.21 | K52: 3.047 | L52: 27.938 | M52: 32.262 | N52: 23.946
A53: Rice | B53: 2011 | C53: Rabi | D53: Puducherry | E53: 10324 | F53: 23489 | G53: 29495.668 | H53: 1434.588 | I53: 1729476.5 | J53: 3406.92 | K53: 2.857 | L53: 27.938 | M53: 32.262 | N53: 23.946
A54: Rice | B54: 2011 | C54: Kharif | D54: Puducherry | E54: 2015 | F54: 5831 | G54: 5017.35 | H54: 1434.588 | I54: 337552.8 | J54: 664.95 | K54: 2.49 | L54: 27.938 | M54: 32.262 | N54: 23.946
A55: Sugarcane | B55: 2011 | C55: Kharif | D55: Puducherry | E55: 1949 | F55: 287785 | G55: 287789.34 | H55: 1434.588 | I55: 326496.48 | J55: 643.17 | K55: 147.66 | L55: 27.938 | M55: 32.262 | N55: 24.39863
A56: Urad | B56: 2011 | C56: Kharif | D56: Puducherry | E56: 15 | F56: 12 | G56: 12 | H56: 1434.588 | I56: 2512.8 | J56: 4.95 | K56: 0.8 | L56: 27.938 | M56: 32.262 | N56: 23.946
A57: Urad | B57: 2011 | C57: Rabi | D57: Puducherry | E57: 224 | F57: 242 | G57: 185.92 | H57: 1434.588 | I57: 37524.48 | J57: 73.92 | K57: 0.83 | L57: 27.938 | M57: 32.711189 | N57: 23.946
A58: Urad | B58: 2011 | C58: Summer | D58: Puducherry | E58: 832 | F58: 317 | G58: 468.416 | H58: 1434.588 | I58: 139376.64 | J58: 274.56 | K58: 0.563 | L58: 27.938 | M58: 32.262 | N58: 23.946
A59: Rice | B59: 2011 | C59: Autumn | D59: Assam | E59: 276486 | F59: 338015 | G59: 350860.73 | H59: 1743.4 | I59: 46316935 | J59: 91240.38 | K59: 1.269 | L59: 23.536 | M59: 32.331 | N59: 15.608
A60: Rice | B60: 2011 | C60: Summer | D60: Assam | E60: 393619 | F60: 1080072 | G60: 980111.31 | H60: 1743.4 | I60: 65939055 | J60: 129894.27 | K60: 2.49 | L60: 23.536 | M60: 33.026983 | N60: 15.608
A61: Rice | B61: 2011 | C61: Winter | D61: Assam | E61: 1875601 | F61: 3297591 | G61: 3370455 | H61: 1743.4 | I61: 1.2800817e+08 | J61: 618948.33 | K61: 1.797 | L61: 23.536 | M61: 32.331 | N61: 16.53922
A62: Sugarcane | B62: 2011 | C62: Whole Year | D62: Assam | E62: 28404 | F62: 1052514 | G62: 1070575.2 | H62: 1743.4 | I62: 4758238.1 | J62: 9373.32 | K62: 37.691 | L62: 23.536 | M62: 32.331 | N62: 15.608
A63: Urad | B63: 2011 | C63: Rabi | D63: Assam | E63: 53669 | F63: 29832 | G63: 30376.654 | H63: 1743.4 | I63: 8990630.9 | J63: 17710.77 | K63: 0.566 | L63: 23.536 | M63: 32.331 | N63: 15.608
A64: Wheat | B64: 2011 | C64: Rabi | D64: Assam | E64: 40194 | F64: 48592 | G64: 47026.98 | H64: 1743.4 | I64: 6733298.9 | J64: 13264.02 | K64: 1.17 | L64: 23.536 | M64: 32.331 | N64: 15.61
A65: Ragi | B65: 2011 | C65: Kharif | D65: Andhra Pradesh | E65: 37057 | F65: 31267 | G65: 36834.658 | H65: 861.9 | I65: 6207788.6 | J65: 12228.81 | K65: 0.994 | L65: 28.331 | M65: 38.133 | N65: 19.903
A66: Ragi | B66: 2011 | C66: Rabi | D66: Andhra Pradesh | E66: 5379 | F66: 9505 | G66: 9095.889 | H66: 956.04894 | I66: 901090.08 | J66: 1775.07 | K66: 1.691 | L66: 28.331 | M66: 38.133 | N66: 19.903
A67: Rice | B67: 2011 | C67: Kharif | D67: Andhra Pradesh | E67: 2873949 | F67: 8563334 | G67: 8360317.6 | H67: 861.9 | I67: 4.8144394e+08 | J67: 948403.17 | K67: 2.909 | L67: 28.331 | M67: 37.972937 | N67: 19.903
A68: Rice | B68: 2011 | C68: Rabi | D68: Andhra Pradesh | E68: 1221899 | F68: 4328458 | G68: 3704797.8 | H68: 861.9 | I68: 2.0469252e+08 | J68: 403226.67 | K68: 3.032 | L68: 28.331 | M68: 38.133 | N68: 19.903
A69: Sugarcane | B69: 2011 | C69: Whole Year | D69: Andhra Pradesh | E69: 204038 | F69: 16688857 | G69: 17550533 | H69: 861.9 | I69: 34180446 | J69: 67332.54 | K69: 86.016 | L69: 28.331 | M69: 38.133 | N69: 19.903
A70: Sunflower | B70: 2011 | C70: Whole Year | D70: Andhra Pradesh | E70: 157535 | F70: 123565 | G70: 154069.23 | H70: 861.9 | I70: 5131394.2 | J70: 51986.55 | K70: 0.978 | L70: 28.331 | M70: 38.133 | N70: 19.903
A71: Urad | B71: 2011 | C71: Rabi | D71: Andhra Pradesh | E71: 62571 | F71: 40360 | G71: 37417.458 | H71: 861.9 | I71: 10481894 | J71: 20648.43 | K71: 0.598 | L71: 28.331 | M71: 38.133 | N71: 19.903
A72: Urad | B72: 2011 | C72: Rabi | D72: Andhra Pradesh | E72: 586738.35 | F72: 327400 | G72: 327400 | H72: 861.9 | I72: 79930325 | J72: 157455.87 | K72: 0.558 | L72: 28.331 | M72: 38.133 | N72: 19.903
A73: Wheat | B73: 2011 | C73: Rabi | D73: Andhra Pradesh | E73: 8255 | F73: 10914 | G73: 10789.285 | H73: 861.9 | I73: 1382877.6 | J73: 2724.15 | K73: 1.307 | L73: 28.331 | M73: 38.133 | N73: 19.903
A74: Ragi | B74: 2011 | C74: Kharif | D74: Karnataka | E74: 638473 | F74: 1086824 | G74: 938555.31 | H74: 1178.986 | I74: 106956997 | J74: 210696.09 | K74: 1.47 | L74: 25.433 | M74: 35.125 | N74: 16.151
A75: Ragi | B75: 2011 | C75: Rabi | D75: Karnataka | E75: 33850 | F75: 59271.35 | G75: 59271.35 | H75: 1178.986 | I75: 5670552 | J75: 11170.5 | K75: 1.751 | L75: 25.433 | M75: 35.125 | N75: 16.151
A76: Ragi | B76: 2011 | C76: Summer | D76: Karnataka | E76: 7608 | F76: 14649 | G76: 14698.656 | H76: 1178.986 | I76: 1274492.2 | J76: 2510.64 | K76: 1.932 | L76: 25.433 | M76: 35.125 | N76: 16.151
... A88: Rice | B88: 2011 | C88: Summer | D88: Kerala | E88: 47290.01 | F88: 149217 | G88: 127683.03 | H88: 3035.1 | I88: 7922022.5 | J88: 15605.703 | K88: 2.7 | L88: 24.698 | M88: 31.778 | N88: 18.803
A89: Rice | B89: 2011 | C89: Winter | D89: Kerala | E89: 92734.9 | F89: 224974.87 | G89: 224974.87 | H89: 3035.1 | I89: 15534950 | J89: 21246.127 | K89: 2.426 | L89: 24.70 | M89: 31.778 | N89: 18.803
A90: Sugarcane | B90: 2011 | C90: Whole Year | D90: Kerala | E90: 2604.41 | F90: 263034 | G90: 98977.998 | H90: 3035.1 | I90: 436290.76 | J90: 859.455 | K90: 38.004 | L90: 24.698 | M90: 32.699233 | N90: 18.803
A91: Rice | B91: 2011 | C91: Autumn | D91: Meghalaya | E91: 32605 | F91: 43401 | G91: 49266.155 | H91: 4083.105 | I91: 5461989.6 | J91: 10759.65 | K91: 1.511 | L91: 18.835 | M91: 26.724 | N91: 12.0086
A92: Rice | B92: 2011 | C92: Rabi | D92: Meghalaya | E92: 12836 | F92: 54206 | G92: 26570.52 | H92: 4083.105 | I92: 2150286.7 | J92: 4235.88 | K92: 2.07 | L92: 18.835 | M92: 26.724 | N92: 11.385
A93: Rice | B93: 2011 | C93: Winter | D93: Meghalaya | E93: 63434 | F93: 125124 | G93: 125124 | H93: 4083.105 | I93: 10626464 | J93: 20933.22 | K93: 1.9725069 | L93: 18.835 | M93: 26.724 | N93: 11.385
A94: Sugarcane | B94: 2011 | C94: Whole Year | D94: Meghalaya | E94: 74 | F94: 199 | G94: 180.856 | H94: 4083.105 | I94: 12396.48 | J94: 24.42 | K94: 2.444 | L94: 18.835 | M94: 26.724 | N94: 11.385
A95: Wheat | B95: 2011 | C95: Rabi | D95: Meghalaya | E95: 395 | F95: 710 | G95: 529.3 | H95: 4083.105 | I95: 66170.4 | J95: 130.35 | K95: 1.34 | L95: 18.835 | M95: 26.724 | N95: 11.385
A96: Ragi | B96: 2011 | C96: Kharif | D96: Tamil Nadu | E96: 68835 | F96: 181491 | G96: 179452.85 | H96: 926.5 | I96: 11531239 | J96: 22715.55 | K96: 2.607 | L96: 27.115 | M96: 36.442 | N96: 19.239
A97: Ragi | B97: 2011 | C97: Kharif | D97: Tamil Nadu | E97: 13970 | F97: 43371 | G97: 40219.63 | H97: 926.5 | I97: 2340254.4 | J97: 16000.484 | K97: 2.879 | L97: 27.115 | M97: 36.442 | N97: 19.239
A98: Rice | B98: 2011 | C98: Kharif | D98: Tamil Nadu | E98: 1903772 | F98: 7458657 | G98: 8045340.5 | H98: 926.5 | I98: 3.1891989e+08 | J98: 628244.76 | K98: 4.226 | L98: 27.115 | M98: 36.442 | N98: 19.239
A99: Sugarcane | B99: 2011 | C99: Whole Year | D99: Tamil Nadu | E99: 346350 | F99: 38974842 | G99: 39392464 | H99: 926.5 | I99: 58020552 | J99: 114295.5 | K99: 113.736 | L99: 27.115 | M99: 36.442 | N99: 19.239
A100: Sunflower | B100: 2011 | C100: Whole Year | D100: Tamil Nadu | E100: 13610 | F100: 24622 | G100: 24212.19 | H100: 926.5 | I100: 2279947.2 | J100: 4491.3 | K100: 1.779 | L100: 27.115 | M100: 36.442 | N100: 20.060931
A101: Urad | B101: 2011 | C101: Whole Year | D101: Tamil Nadu | E101: 308263 | F101: 178816 | G101: 204378.37 | H101: 926.5 | I101: 51640218 | J101: 101726.79 | K101: 0.663 | L101: 27.115 | M101: 36.442 | N101: 19.239
A102: Ragi | B102: 2012 | C102: Kharif | D102: Andhra Pradesh | E102: 36000 | F102: 38000 | G102: 43452 | H102: 968.7 | I102: 5428800 | J102: 11160 | K102: 1.207 | L102: 28.273 | M102: 38.032 | N102: 19.922
A103: Ragi | B103: 2012 | C103: Rabi | D103: Andhra Pradesh | E103: 5000 | F103: 6000 | G103: 6000 | H103: 968.7 | I103: 754000 | J103: 1550 | K103: 1.2 | L103: 28.273 | M103: 38.032 | N103: 19.922
A104: Rice | B104: 2012 | C104: Kharif | D104: Andhra Pradesh | E104: 2487000 | F104: 7167000 | G104: 7386390 | H104: 968.7 | I104: 375039600 | J104: 770970 | K104: 2.97 | L104: 28.273 | M104: 38.032 | N104: 19.922
A105: Rice | B105: 2012 | C105: Rabi | D105: Andhra Pradesh | E105: 1141000 | F105: 4344000 | G105: 3701404 | H105: 968.7 | I105: 172062800 | J105: 353710 | K105: 3.244 | L105: 28.273 | M105: 38.032 | N105: 20.258717
... A113: Rice | B113: 2012 | C113: Summer | D113: Assam | E113: 389140 | F113: 1155877 | G113: 1078696.1 | H113: 2167.5 | I113: 58682312 | J113: 120633.4 | K113: 2.772 | L113: 23.952 | M113: 32.981 | N113: 15.995
A114: Rice | B114: 2012 | C114: Winter | D114: Assam | E114: 1857410 | F114: 3,655,430 | G114: 3657240.3 | H114: 2167.5 | I114: 280097428 | J114: 575797.1 | K114: 1.969 | L114: 23.952 | M114: 32.981 | N114: 15.995
A115: Sugarcane | B115: 2012 | C115: Whole Year | D115: Assam | E115: 28871 | F115: 1028161 | G115: 1031329.9 | H115: 2167.5 | I115: 4353746.8 | J115: 8950.01 | K115: 35.722 | L115: 23.952 | M115: 32.981 | N115: 15.995
A116: Urad | B116: 2012 | C116: Rabi | D116: Assam | E116: 48527 | F116: 26735 | G116: 26544.269 | H116: 2167.5 | I116: 7317871.6 | J116: 17814.572 | K116: 0.547 | L116: 23.952 | M116: 32.981 | N116: 16.53922
A117: Wheat | B117: 2012 | C117: Rabi | D117: Assam | E117: 33984 | F117: 42513.984 | G117: 42513.984 | H117: 2167.5 | I117: 5124787.2 | J117: 10535.04 | K117: 1.251 | L117: 7.9975 | M117: 33.026983 | N117: 15.995
A118: Ragi | B118: 2012 | C118: Kharif | D118: Karnataka | E118: 603184 | F118: 913852 | G118: 826362.08 | H118: 956.2 | I118: 90960147 | J118: 186987.04 | K118: 1.37 | L118: 25.796 | M118: 36.16 | N118: 16.266
A119: Ragi | B119: 2012 | C119: Rabi | D119: Karnataka | E119: 36638 | F119: 52791 | G119: 51439.752 | H119: 956.2 | I119: 5525010.4 | J119: 11357.78 | K119: 1.404 | L119: 25.796 | M119: 36.16 | N119: 16.266
A120: Ragi | B120: 2012 | C120: Summer | D120: Karnataka | E120: 5239 | F120: 0 | G120: 7989.475 | H120: 956.2 | I120: 790041.2 | J120: 1624.09 | K120: 1.525 | L120: 25.796 | M120: 36.16 | N120: 16.266
A121: Rice | B121: 2012 | C121: Kharif | D121: Karnataka | E121: 1048427 | F121: 2667359 | G121: 2535096.5 | H121: 956.2 | I121: 1.5810279e+08 | J121: 325012.37 | K121: 2.418 | L121: 25.796 | M121: 36.16 | N121: 16.266
A122: Rice | B122: 2012 | C122: Rabi | D122: Karnataka | E122: 45326 | F122: 109309 | G122: 108555.77 | H122: 956.2 | I122: 6835160.8 | J122: 14051.06 | K122: 2.395 | L122: 25.796 | M122: 36.16 | N122: 16.266
A123: Rice | B123: 2012 | C123: Summer | D123: Karnataka | E123: 185162 | F123: 587711 | G123: 587711 | H123: 956.2 | I123: 27922430 | J123: 57400.22 | K123: 3.1740368 | L123: 25.796 | M123: 36.16 | N123: 16.266
A124: Sugarcane | B124: 2012 | C124: Whole Year | D124: Karnataka | E124: 425393 | F124: 35510714 | G124: 35438215 | H124: 956.2 | I124: 64149264 | J124: 131871.83 | K124: 83.307 | L124: 25.796 | M124: 36.16 | N124: 16.266
A125: Sunflower | B125: 2012 | C125: Kharif | D125: Karnataka | E125: 210992 | F125: 106890 | G125: 107394.93 | H125: 956.2 | I125: 31817594 | J125: 65407.52 | K125: 0.509 | L125: 25.796 | M125: 36.16 | N125: 16.266
A126: Sunflower | B126: 2012 | C126: Rabi | D126: Karnataka | E126: 278912 | F126: 138485 | G126: 138485 | H126: 956.2 | I126: 42059930 | J126: 86462.72 | K126: 0.49651862 | L126: 25.796 | M126: 36.16 | N126: 16.661878
A127: Sunflower | B127: 2012 | C127: Summer | D127: Karnataka | E127: 20178 | F127: 20173 | G127: 20399.958 | H127: 956.2 | I127: 3042842.4 | J127: 6255.18 | K127: 1.011 | L127: 25.796 | M127: 36.16 | N127: 16.266
A128: Urad | B128: 2012 | C128: Rabi | D128: Karnataka | E128: 102636 | F128: 49448 | G128: 34485.696 | H128: 956.2 | I128: 15477509 | J128: 31817.16 | K128: 0.336 | L128: 25.796 | M128: 36.16 | N128: 16.266
... A158: Wheat | B158: 2013 | C158: Rabi | D158: Assam | E158: 31294 | F158: 40444 | G158: 38554.208 | H158: 1797.7 | I158: 4521670.1 | J158: 8449.38 | K158: 1.232 | L158: 24.332 | M158: 33.325 | N158: 15.952
A159: Ragi | B159: 2013 | C159: Kharif | D159: Goa | E159: 18 | F159: 14 | G159: 18.27 | H159: 3642.6 | I159: 2600.82 | J159: 4.86 | K159: 1.015 | L159: 24.986 | M159: 34.184 | N159: 17.578
A160: Rice | B160: 2013 | C160: Kharif | D160: Goa | E160: 28330 | F160: 80114 | G160: 79890.6 | H160: 3642.6 | I160: 4093401.7 | J160: 7649.1 | K160: 2.82 | L160: 25.881 | M160: 34.184 | N160: 17.578
A161: Rice | B161: 2013 | C161: Rabi | D161: Goa | E161: 14490 | F161: 46397 | G161: 46440.45 | H161: 3642.6 | I161: 2093660.1 | J161: 3912.3 | K161: 3.205 | L161: 24.986 | M161: 34.184 | N161: 17.578
A162: Sugarcane | B162: 2013 | C162: Whole Year | D162: Goa | E162: 872 | F162: 47669 | G162: 41908.32 | H162: 3209.9869 | I162: 125995.28 | J162: 235.44 | K162: 48.06 | L162: 24.986 | M162: 34.184 | N162: 17.578
A163: Ragi | B163: 2013 | C163: Kharif | D163: Karnataka | E163: 639203 | F163: 1207396 | G163: 1112213.2 | H163: 1235.6 | I163: 92358441 | J163: 172584.81 | K163: 1.74 | L163: 25.432 | M163: 35.368 | N163: 16.71
A164: Ragi | B164: 2013 | C164: Rabi | D164: Karnataka | E164: 24916 | F164: 36353 | G164: 37324.168 | H164: 1235.6 | I164: 3600112.8 | J164: 6727.32 | K164: 1.498 | L164: 25.432 | M164: 35.368 | N164: 16.709
...

Sheet 2010-2020crops
A1: Crop | B1: Crop_Year | C1: Season | D1: proper &trim | E1: blanks in season | F1: State | G1: Area(hectare) | H1: Area Blanks | I1: Production(Tones) | J1: Production blanks | K1: Annual_Rainfall(mm) | L1: Rainfall blanks | M1: crop&state | N1: Fertilizer(kg) | O1: Fertilizer Blanks | P1: Pesticide(kg) | Q1: Pesticide blanks | R1: Yield | S1: Yield blanks | T1: Avg_Temperature(°C) | U1: avg temp blanks | V1: Max_Temperature(°C) | W1: max temp blanks | X1: Min_Temperature(°C) | Y1: min temp blanks
A2: Ragi | B2: 2010 | C2: Kharif | D2: =PROPER(TRIM(Table2[[#This Row],[Season]])) -> Kharif | E2: =IF(Table2[[#This Row],[Season]]="",_xlfn.XLOOKUP(Table2[[#This Row],[State]],'pivot tables'!$F$3:$F$33,'pivot tables'!$G$3:$G$33),Table2[[#This Row],[Season]]) -> Kharif | F2: Puducherry | G2: 14 | H2: =IF(Table2[[#This Row],[Area(hectare)]]="",IFERROR(Table2[[#This Row],[Production(Tones)]]/Table2[[#This Row],[Yield blanks]],""),Table2[[#This Row],[Area(hectare)]]) -> 14 | I2: 29 | J2: =IF(Table2[[#This Row],[Production(Tones)]]="",Table2[[#This Row],[Area Blanks]]*Table2[[#This Row],[Yield]],Table2[[#This Row],[Production(Tones)]]) -> 29 | K2: 1434.588 | L2: =IF(Table2[[#This Row],[Annual_Rainfall(mm)]]="",_xlfn.XLOOKUP(Table2[[#This Row],[State]],'pivot tables'!$J$3:$J$32,'pivot tables'!$K$3:$K$32),Table2[[#This Row],[Annual_Rainfall(mm)]]) -> 1434.588 | M2: =Table2[[#This Row],[Crop]]&Table2[[#This Row],[State]] -> RagiPuducherry | N2: 2325.54 | O2: =IF(Table2[[#This Row],[Fertilizer(kg)]]="",_xlfn.XLOOKUP(Table2[[#This Row],[crop&state]],'pivot tables'!$O$3:$O$151,'pivot tables'!$P$3:$P$151),Table2[[#This Row],[Fertilizer(kg)]]) -> 2325.54 | P2: 3.36 | Q2: =IF(Table2[[#This Row],[Pesticide(kg)]]="",_xlfn.XLOOKUP(Table2[[#This Row],[crop&state]],'pivot tables'!$O$3:$O$151,'pivot tables'!$Q$3:$Q$151),Table2[[#This Row],[Pesticide(kg)]]) -> 3.36 | R2: 1.575 | S2: =IF(Table2[[#This Row],[Yield]]="",IFERROR(Table2[[#This Row],[Production(Tones)]]/Table2[[#This Row],[Area(hectare)]],""),Table2[[#This Row],[Yield]]) -> 1.575 | T2: 28.059 | U2: =IF(Table2[[#This Row],[Avg_Temperature(°C)]]="",IFERROR((Table2[[#This Row],[Max_Temperature(°C)]]+Table2[[#This Row],[Min_Temperature(°C)]])/2,""),Table2[[#This Row],[Avg_Temperature(°C)]]) -> 28.059 | V2: 32.519 | W2: =IF(Table2[[#This Row],[Max_Temperature(°C)]]="",_xlfn.XLOOKUP(Table2[[#This Row],[State]],'pivot tables'!$T$2:$T$33,'pivot tables'!$V$2:$V$33),Table2[[#This Row],[Max_Temperature(°C)]]) -> 32.519 | X2: 24.308 | Y2: =IF(Table2[[#This Row],[Min_Temperature(°C)]]="",_xlfn.XLOOKUP(Table2[[#This Row],[State]],'pivot tables'!$T$2:$T$33,'pivot tables'!$W$2:$W$33),Table2[[#This Row],[Min_Temperature(°C)]]) -> 24.308
A3: Ragi | B3: 2010 | C3: Rabi | D3: =PROPER(TRIM(Table2[[#This Row],[Season]])) -> Rabi | E3: =IF(Table2[[#This Row],[Season]]="",_xlfn.XLOOKUP(Table2[[#This Row],[State]],'pivot tables'!$F$3:$F$33,'pivot tables'!$G$3:$G$33),Table2[[#This Row],[Season]]) -> Rabi | F3: Puducherry | G3: 1 | H3: =IF(Table2[[#This Row],[Area(hectare)]]="",IFERROR(Table2[[#This Row],[Production(Tones)]]/Table2[[#This Row],[Yield blanks]],""),Table2[[#This Row],[Area(hectare)]]) -> 1 | I3: 2 | J3: =IF(Table2[[#This Row],[Production(Tones)]]="",Table2[[#This Row],[Area Blanks]]*Table2[[#This Row],[Yield]],Table2[[#This Row],[Production(Tones)]]) -> 2 | K3: 1434.588 | L3: =IF(Table2[[#This Row],[Annual_Rainfall(mm)]]="",_xlfn.XLOOKUP(Table2[[#This Row],[State]],'pivot tables'!$J$3:$J$32,'pivot tables'!$K$3:$K$32),Table2[[#This Row],[Annual_Rainfall(mm)]]) -> 1434.588 | M3: =Table2[[#This Row],[Crop]]&Table2[[#This Row],[State]] -> RagiPuducherry | N3: 166.11 | O3: =IF(Table2[[#This Row],[Fertilizer(kg)]]="",_xlfn.XLOOKUP(Table2[[#This Row],[crop&state]],'pivot tables'!$O$3:$O$151,'pivot tables'!$P$3:$P$151),Table2[[#This Row],[Fertilizer(kg)]]) -> 166.11 | P3: 0.24 | Q3: =IF(Table2[[#This Row],[Pesticide(kg)]]="",_xlfn.XLOOKUP(Table2[[#This Row],[crop&state]],'pivot tables'!$O$3:$O$151,'pivot tables'!$Q$3:$Q$151),Table2[[#This Row],[Pesticide(kg)]]) -> 0.24 | S3: =IF(Table2[[#This Row],[Yield]]="",IFERROR(Table2[[#This Row],[Production(Tones)]]/Table2[[#This Row],[Area(hectare)]],""),Table2[[#This Row],[Yield]]) -> 2 | T3: 28.059 | U3: =IF(Table2[[#This Row],[Avg_Temperature(°C)]]="",IFERROR((Table2[[#This Row],[Max_Temperature(°C)]]+Table2[[#This Row],[Min_Temperature(°C)]])/2,""),Table2[[#This Row],[Avg_Temperature(°C)]]) -> 28.059 | V3: 32.519 | W3: =IF(Table2[[#This Row],[Max_Temperature(°C)]]="",_xlfn.XLOOKUP(Table2[[#This Row],[State]],'pivot tables'!$T$2:$T$33,'pivot tables'!$V$2:$V$33),Table2[[#This Row],[Max_Temperature(°C)]]) -> 32.519 | X3: 24.308 | Y3: =IF(Table2[[#This Row],[Min_Temperature(°C)]]="",_xlfn.XLOOKUP(Table2[[#This Row],[State]],'pivot tables'!$T$2:$T$33,'pivot tables'!$W$2:$W$33),Table2[[#This Row],[Min_Temperature(°C)]]) -> 24.308
A4: Ragi | B4: 2010 | C4: Summer | D4: =PROPER(TRIM(Table2[[#This Row],[Season]])) -> Summer | E4: =IF(Table2[[#This Row],[Season]]="",_xlfn.XLOOKUP(Table2[[#This Row],[State]],'pivot tables'!$F$3:$F$33,'pivot tables'!$G$3:$G$33),Table2[[#This Row],[Season]]) -> Summer | F4: Puducherry | G4: 8 | H4: =IF(Table2[[#This Row],[Area(hectare)]]="",IFERROR(Table2[[#This Row],[Production(Tones)]]/Table2[[#This Row],[Yield blanks]],""),Table2[[#This Row],[Area(hectare)]]) -> 8 | I4: 20 | J4: =IF(Table2[[#This Row],[Production(Tones)]]="",Table2[[#This Row],[Area Blanks]]*Table2[[#This Row],[Yield]],Table2[[#This Row],[Production(Tones)]]) -> 20 | K4: 1434.588 | L4: =IF(Table2[[#This Row],[Annual_Rainfall(mm)]]="",_xlfn.XLOOKUP(Table2[[#This Row],[State]],'pivot tables'!$J$3:$J$32,'pivot tables'!$K$3:$K$32),Table2[[#This Row],[Annual_Rainfall(mm)]]) -> 1434.588 | M4: =Table2[[#This Row],[Crop]]&Table2[[#This Row],[State]] -> RagiPuducherry | N4: 1328.88 | O4: =IF(Table2[[#This Row],[Fertilizer(kg)]]="",_xlfn.XLOOKUP(Table2[[#This Row],[crop&state]],'pivot tables'!$O$3:$O$151,'pivot tables'!$P$3:$P$151),Table2[[#This Row],[Fertilizer(kg)]]) -> 1328.88 | P4: 1.92 | Q4: =IF(Table2[[#This Row],[Pesticide(kg)]]="",_xlfn.XLOOKUP(Table2[[#This Row],[crop&state]],'pivot tables'!$O$3:$O$151,'pivot tables'!$Q$3:$Q$151),Table2[[#This Row],[Pesticide(kg)]]) -> 1.92 | R4: 2.5 | S4: =IF(Table2[[#This Row],[Yield]]="",IFERROR(Table2[[#This Row],[Production(Tones)]]/Table2[[#This Row],[Area(hectare)]],""),Table2[[#This Row],[Yield]]) -> 2.5 | T4: 28.059 | U4: =IF(Table2[[#This Row],[Avg_Temperature(°C)]]="",IFERROR((Table2[[#This Row],[Max_Temperature(°C)]]+Table2[[#This Row],[Min_Temperature(°C)]])/2,""),Table2[[#This Row],[Avg_Temperature(°C)]]) -> 28.059 | V4: 32.519 | W4: =IF(Table2[[#This Row],[Max_Temperature(°C)]]="",_xlfn.XLOOKUP(Table2[[#This Row],[State]],'pivot tables'!$T$2:$T$33,'pivot tables'!$V$2:$V$33),Table2[[#This Row],[Max_Temperature(°C)]]) -> 32.519 | X4: 24.308 | Y4: =IF(Table2[[#This Row],[Min_Temperature(°C)]]="",_xlfn.XLOOKUP(Table2[[#This Row],[State]],'pivot tables'!$T$2:$T$33,'pivot tables'!$W$2:$W$33),Table2[[#This Row],[Min_Temperature(°C)]]) -> 24.308
A5: Rice | B5: 2010 | C5: Kharif | D5: =PROPER(TRIM(Table2[[#This Row],[Season]])) -> Kharif | E5: =IF(Table2[[#This Row],[Season]]="",_xlfn.XLOOKUP(Table2[[#This Row],[State]],'pivot tables'!$F$3:$F$33,'pivot tables'!$G$3:$G$33),Table2[[#This Row],[Season]]) -> Kharif | F5: Puducherry | G5: 4384 | H5: =IF(Table2[[#This Row],[Area(hectare)]]="",IFERROR(Table2[[#This Row],[Production(Tones)]]/Table2[[#This Row],[Yield blanks]],""),Table2[[#This Row],[Area(hectare)]]) -> 4384 | I5: 12602 | J5: =IF(Table2[[#This Row],[Production(Tones)]]="",Table2[[#This Row],[Area Blanks]]*Table2[[#This Row],[Yield]],Table2[[#This Row],[Production(Tones)]]) -> 12602 | K5: 1434.588 | L5: =IF(Table2[[#This Row],[Annual_Rainfall(mm)]]="",_xlfn.XLOOKUP(Table2[[#This Row],[State]],'pivot tables'!$J$3:$J$32,'pivot tables'!$K$3:$K$32),Table2[[#This Row],[Annual_Rainfall(mm)]]) -> 1434.588 | M5: =Table2[[#This Row],[Crop]]&Table2[[#This Row],[State]] -> RicePuducherry | N5: 728226.24 | O5: =IF(Table2[[#This Row],[Fertilizer(kg)]]="",_xlfn.XLOOKUP(Table2[[#This Row],[crop&state]],'pivot tables'!$O$3:$O$151,'pivot tables'!$P$3:$P$151),Table2[[#This Row],[Fertilizer(kg)]]) -> 728226.24 | P5: 1052.16 | Q5: =IF(Table2[[#This Row],[Pesticide(kg)]]="",_xlfn.XLOOKUP(Table2[[#This Row],[crop&state]],'pivot tables'!$O$3:$O$151,'pivot tables'!$Q$3:$Q$151),Table2[[#This Row],[Pesticide(kg)]]) -> 1052.16 | R5: 2.673 | S5: =IF(Table2[[#This Row],[Yield]]="",IFERROR(Table2[[#This Row],[Production(Tones)]]/Table2[[#This Row],[Area(hectare)]],""),Table2[[#This Row],[Yield]]) -> 2.673 | T5: 28.059 | U5: =IF(Table2[[#This Row],[Avg_Temperature(°C)]]="",IFERROR((Table2[[#This Row],[Max_Temperature(°C)]]+Table2[[#This Row],[Min_Temperature(°C)]])/2,""),Table2[[#This Row],[Avg_Temperature(°C)]]) -> 28.059 | V5: 32.519 | W5: =IF(Table2[[#This Row],[Max_Temperature(°C)]]="",_xlfn.XLOOKUP(Table2[[#This Row],[State]],'pivot tables'!$T$2:$T$33,'pivot tables'!$V$2:$V$33),Table2[[#This Row],[Max_Temperature(°C)]]) -> 32.519 | X5: 24.308 | Y5: =IF(Table2[[#This Row],[Min_Temperature(°C)]]="",_xlfn.XLOOKUP(Table2[[#This Row],[State]],'pivot tables'!$T$2:$T$33,'pivot tables'!$W$2:$W$33),Table2[[#This Row],[Min_Temperature(°C)]]) -> 24.308
A6: Rice | B6: 2010 | C6: Rabi | D6: =PROPER(TRIM(Table2[[#This Row],[Season]])) -> Rabi | E6: =IF(Table2[[#This Row],[Season]]="",_xlfn.XLOOKUP(Table2[[#This Row],[State]],'pivot tables'!$F$3:$F$33,'pivot tables'!$G$3:$G$33),Table2[[#This Row],[Season]]) -> Rabi | F6: Puducherry | G6: 10920 | H6: =IF(Table2[[#This Row],[Area(hectare)]]="",IFERROR(Table2[[#This Row],[Production(Tones)]]/Table2[[#This Row],[Yield blanks]],""),Table2[[#This Row],[Area(hectare)]]) -> 10920 | I6: 26585 | J6: =IF(Table2[[#This Row],[Production(Tones)]]="",Table2[[#This Row],[Area Blanks]]*Table2[[#This Row],[Yield]],Table2[[#This Row],[Production(Tones)]]) -> 26585 | K6: 1434.588 | L6: =IF(Table2[[#This Row],[Annual_Rainfall(mm)]]="",_xlfn.XLOOKUP(Table2[[#This Row],[State]],'pivot tables'!$J$3:$J$32,'pivot tables'!$K$3:$K$32),Table2[[#This Row],[Annual_Rainfall(mm)]]) -> 1434.588 | M6: =Table2[[#This Row],[Crop]]&Table2[[#This Row],[State]] -> RicePuducherry | N6: 1813921.2 | O6: =IF(Table2[[#This Row],[Fertilizer(kg)]]="",_xlfn.XLOOKUP(Table2[[#This Row],[crop&state]],'pivot tables'!$O$3:$O$151,'pivot tables'!$P$3:$P$151),Table2[[#This Row],[Fertilizer(kg)]]) -> 1813921.2 | P6: 2620.8 | Q6: =IF(Table2[[#This Row],[Pesticide(kg)]]="",_xlfn.XLOOKUP(Table2[[#This Row],[crop&state]],'pivot tables'!$O$3:$O$151,'pivot tables'!$Q$3:$Q$151),Table2[[#This Row],[Pesticide(kg)]]) -> 2620.8 | R6: 3.447 | S6: =IF(Table2[[#This Row],[Yield]]="",IFERROR(Table2[[#This Row],[Production(Tones)]]/Table2[[#This Row],[Area(hectare)]],""),Table2[[#This Row],[Yield]]) -> 3.447 | T6: 28.059 | U6: =IF(Table2[[#This Row],[Avg_Temperature(°C)]]="",IFERROR((Table2[[#This Row],[Max_Temperature(°C)]]+Table2[[#This Row],[Min_Temperature(°C)]])/2,""),Table2[[#This Row],[Avg_Temperature(°C)]]) -> 28.059 | V6: 32.519 | W6: =IF(Table2[[#This Row],[Max_Temperature(°C)]]="",_xlfn.XLOOKUP(Table2[[#This Row],[State]],'pivot tables'!$T$2:$T$33,'pivot tables'!$V$2:$V$33),Table2[[#This Row],[Max_Temperature(°C)]]) -> 32.519 | X6: 24.308 | Y6: =IF(Table2[[#This Row],[Min_Temperature(°C)]]="",_xlfn.XLOOKUP(Table2[[#This Row],[State]],'pivot tables'!$T$2:$T$33,'pivot tables'!$W$2:$W$33),Table2[[#This Row],[Min_Temperature(°C)]]) -> 24.308
A7: Rice | B7: 2010 | C7: Summer | D7: =PROPER(TRIM(Table2[[#This Row],[Season]])) -> Summer | E7: =IF(Table2[[#This Row],[Season]]="",_xlfn.XLOOKUP(Table2[[#This Row],[State]],'pivot tables'!$F$3:$F$33,'pivot tables'!$G$3:$G$33),Table2[[#This Row],[Season]]) -> Summer | F7: Puducherry | G7: 4710 | H7: =IF(Table2[[#This Row],[Area(hectare)]]="",IFERROR(Table2[[#This Row],[Production(Tones)]]/Table2[[#This Row],[Yield blanks]],""),Table2[[#This Row],[Area(hectare)]]) -> 4710 | I7: 12773 | J7: =IF(Table2[[#This Row],[Production(Tones)]]="",Table2[[#This Row],[Area Blanks]]*Table2[[#This Row],[Yield]],Table2[[#This Row],[Production(Tones)]]) -> 12773 | K7: 1434.588 | L7: =IF(Table2[[#This Row],[Annual_Rainfall(mm)]]="",_xlfn.XLOOKUP(Table2[[#This Row],[State]],'pivot tables'!$J$3:$J$32,'pivot tables'!$K$3:$K$32),Table2[[#This Row],[Annual_Rainfall(mm)]]) -> 1434.588 | M7: =Table2[[#This Row],[Crop]]&Table2[[#This Row],[State]] -> RicePuducherry | N7: 782378.1 | O7: =IF(Table2[[#This Row],[Fertilizer(kg)]]="",_xlfn.XLOOKUP(Table2[[#This Row],[crop&state]],'pivot tables'!$O$3:$O$151,'pivot tables'!$P$3:$P$151),Table2[[#This Row],[Fertilizer(kg)]]) -> 782378.1 | P7: 1130.4 | Q7: =IF(Table2[[#This Row],[Pesticide(kg)]]="",_xlfn.XLOOKUP(Table2[[#This Row],[crop&state]],'pivot tables'!$O$3:$O$151,'pivot tables'!$Q$3:$Q$151),Table2[[#This Row],[Pesticide(kg)]]) -> 1130.4 | R7: 2.7 | S7: =IF(Table2[[#This Row],[Yield]]="",IFERROR(Table2[[#This Row],[Production(Tones)]]/Table2[[#This Row],[Area(hectare)]],""),Table2[[#This Row],[Yield]]) -> 2.7 | T7: 28.059 | U7: =IF(Table2[[#This Row],[Avg_Temperature(°C)]]="",IFERROR((Table2[[#This Row],[Max_Temperature(°C)]]+Table2[[#This Row],[Min_Temperature(°C)]])/2,""),Table2[[#This Row],[Avg_Temperature(°C)]]) -> 28.059 | V7: 32.519 | W7: =IF(Table2[[#This Row],[Max_Temperature(°C)]]="",_xlfn.XLOOKUP(Table2[[#This Row],[State]],'pivot tables'!$T$2:$T$33,'pivot tables'!$V$2:$V$33),Table2[[#This Row],[Max_Temperature(°C)]]) -> 32.519 | X7: 24.308 | Y7: =IF(Table2[[#This Row],[Min_Temperature(°C)]]="",_xlfn.XLOOKUP(Table2[[#This Row],[State]],'pivot tables'!$T$2:$T$33,'pivot tables'!$W$2:$W$33),Table2[[#This Row],[Min_Temperature(°C)]]) -> 24.308
A8: Sugarcane | B8: 2010 | C8: Kharif | D8: =PROPER(TRIM(Table2[[#This Row],[Season]])) -> Kharif | E8: =IF(Table2[[#This Row],[Season]]="",_xlfn.XLOOKUP(Table2[[#This Row],[State]],'pivot tables'!$F$3:$F$33,'pivot tables'!$G$3:$G$33),Table2[[#This Row],[Season]]) -> Kharif | F8: Puducherry | G8: 1765 | H8: =IF(Table2[[#This Row],[Area(hectare)]]="",IFERROR(Table2[[#This Row],[Production(Tones)]]/Table2[[#This Row],[Yield blanks]],""),Table2[[#This Row],[Area(hectare)]]) -> 1765 | I8: 277683 | J8: =IF(Table2[[#This Row],[Production(Tones)]]="",Table2[[#This Row],[Area Blanks]]*Table2[[#This Row],[Yield]],Table2[[#This Row],[Production(Tones)]]) -> 277683 | K8: 1434.588 | L8: =IF(Table2[[#This Row],[Annual_Rainfall(mm)]]="",_xlfn.XLOOKUP(Table2[[#This Row],[State]],'pivot tables'!$J$3:$J$32,'pivot tables'!$K$3:$K$32),Table2[[#This Row],[Annual_Rainfall(mm)]]) -> 1434.588 | M8: =Table2[[#This Row],[Crop]]&Table2[[#This Row],[State]] -> SugarcanePuducherry | N8: 293184.15 | O8: =IF(Table2[[#This Row],[Fertilizer(kg)]]="",_xlfn.XLOOKUP(Table2[[#This Row],[crop&state]],'pivot tables'!$O$3:$O$151,'pivot tables'!$P$3:$P$151),Table2[[#This Row],[Fertilizer(kg)]]) -> 293184.15 | P8: 423.6 | Q8: =IF(Table2[[#This Row],[Pesticide(kg)]]="",_xlfn.XLOOKUP(Table2[[#This Row],[crop&state]],'pivot tables'!$O$3:$O$151,'pivot tables'!$Q$3:$Q$151),Table2[[#This Row],[Pesticide(kg)]]) -> 423.6 | R8: 115.19 | S8: =IF(Table2[[#This Row],[Yield]]="",IFERROR(Table2[[#This Row],[Production(Tones)]]/Table2[[#This Row],[Area(hectare)]],""),Table2[[#This Row],[Yield]]) -> 115.19 | T8: 28.059 | U8: =IF(Table2[[#This Row],[Avg_Temperature(°C)]]="",IFERROR((Table2[[#This Row],[Max_Temperature(°C)]]+Table2[[#This Row],[Min_Temperature(°C)]])/2,""),Table2[[#This Row],[Avg_Temperature(°C)]]) -> 28.059 | V8: 32.519 | W8: =IF(Table2[[#This Row],[Max_Temperature(°C)]]="",_xlfn.XLOOKUP(Table2[[#This Row],[State]],'pivot tables'!$T$2:$T$33,'pivot tables'!$V$2:$V$33),Table2[[#This Row],[Max_Temperature(°C)]]) -> 32.519 | X8: 24.308 | Y8: =IF(Table2[[#This Row],[Min_Temperature(°C)]]="",_xlfn.XLOOKUP(Table2[[#This Row],[State]],'pivot tables'!$T$2:$T$33,'pivot tables'!$W$2:$W$33),Table2[[#This Row],[Min_Temperature(°C)]]) -> 24.308
A9: Sunflower | B9: 2010 | C9: Kharif | D9: =PROPER(TRIM(Table2[[#This Row],[Season]])) -> Kharif | E9: =IF(Table2[[#This Row],[Season]]="",_xlfn.XLOOKUP(Table2[[#This Row],[State]],'pivot tables'!$F$3:$F$33,'pivot tables'!$G$3:$G$33),Table2[[#This Row],[Season]]) -> Kharif | F9: Puducherry | G9: 1 | H9: =IF(Table2[[#This Row],[Area(hectare)]]="",IFERROR(Table2[[#This Row],[Production(Tones)]]/Table2[[#This Row],[Yield blanks]],""),Table2[[#This Row],[Area(hectare)]]) -> 1 | I9: 1 | J9: =IF(Table2[[#This Row],[Production(Tones)]]="",Table2[[#This Row],[Area Blanks]]*Table2[[#This Row],[Yield]],Table2[[#This Row],[Production(Tones)]]) -> 1 | K9: 1434.588 | L9: =IF(Table2[[#This Row],[Annual_Rainfall(mm)]]="",_xlfn.XLOOKUP(Table2[[#This Row],[State]],'pivot tables'!$J$3:$J$32,'pivot tables'!$K$3:$K$32),Table2[[#This Row],[Annual_Rainfall(mm)]]) -> 1434.588 | M9: =Table2[[#This Row],[Crop]]&Table2[[#This Row],[State]] -> SunflowerPuducherry | N9: 166.11 | O9: =IF(Table2[[#This Row],[Fertilizer(kg)]]="",_xlfn.XLOOKUP(Table2[[#This Row],[crop&state]],'pivot tables'!$O$3:$O$151,'pivot tables'!$P$3:$P$151),Table2[[#This Row],[Fertilizer(kg)]]) -> 166.11 | P9: 0.24 | Q9: =IF(Table2[[#This Row],[Pesticide(kg)]]="",_xlfn.XLOOKUP(Table2[[#This Row],[crop&state]],'pivot tables'!$O$3:$O$151,'pivot tables'!$Q$3:$Q$151),Table2[[#This Row],[Pesticide(kg)]]) -> 0.24 | R9: 1 | S9: =IF(Table2[[#This Row],[Yield]]="",IFERROR(Table2[[#This Row],[Production(Tones)]]/Table2[[#This Row],[Area(hectare)]],""),Table2[[#This Row],[Yield]]) -> 1 | T9: 28.059 | U9: =IF(Table2[[#This Row],[Avg_Temperature(°C)]]="",IFERROR((Table2[[#This Row],[Max_Temperature(°C)]]+Table2[[#This Row],[Min_Temperature(°C)]])/2,""),Table2[[#This Row],[Avg_Temperature(°C)]]) -> 28.059 | V9: 32.519 | W9: =IF(Table2[[#This Row],[Max_Temperature(°C)]]="",_xlfn.XLOOKUP(Table2[[#This Row],[State]],'pivot tables'!$T$2:$T$33,'pivot tables'!$V$2:$V$33),Table2[[#This Row],[Max_Temperature(°C)]]) -> 32.519 | X9: 24.308 | Y9: =IF(Table2[[#This Row],[Min_Temperature(°C)]]="",_xlfn.XLOOKUP(Table2[[#This Row],[State]],'pivot tables'!$T$2:$T$33,'pivot tables'!$W$2:$W$33),Table2[[#This Row],[Min_Temperature(°C)]]) -> 24.308
A10: Urad | B10: 2010 | C10: Kharif | D10: =PROPER(TRIM(Table2[[#This Row],[Season]])) -> Kharif | E10: =IF(Table2[[#This Row],[Season]]="",_xlfn.XLOOKUP(Table2[[#This Row],[State]],'pivot tables'!$F$3:$F$33,'pivot tables'!$G$3:$G$33),Table2[[#This Row],[Season]]) -> Kharif | F10: Puducherry | G10: 22 | H10: =IF(Table2[[#This Row],[Area(hectare)]]="",IFERROR(Table2[[#This Row],[Production(Tones)]]/Table2[[#This Row],[Yield blanks]],""),Table2[[#This Row],[Area(hectare)]]) -> 22 | I10: 17 | J10: =IF(Table2[[#This Row],[Production(Tones)]]="",Table2[[#This Row],[Area Blanks]]*Table2[[#This Row],[Yield]],Table2[[#This Row],[Production(Tones)]]) -> 17 | K10: 1434.588 | L10: =IF(Table2[[#This Row],[Annual_Rainfall(mm)]]="",_xlfn.XLOOKUP(Table2[[#This Row],[State]],'pivot tables'!$J$3:$J$32,'pivot tables'!$K$3:$K$32),Table2[[#This Row],[Annual_Rainfall(mm)]]) -> 1434.588 | M10: =Table2[[#This Row],[Crop]]&Table2[[#This Row],[State]] -> UradPuducherry | N10: 3654.42 | O10: =IF(Table2[[#This Row],[Fertilizer(kg)]]="",_xlfn.XLOOKUP(Table2[[#This Row],[crop&state]],'pivot tables'!$O$3:$O$151,'pivot tables'!$P$3:$P$151),Table2[[#This Row],[Fertilizer(kg)]]) -> 3654.42 | P10: 5.28 | Q10: =IF(Table2[[#This Row],[Pesticide(kg)]]="",_xlfn.XLOOKUP(Table2[[#This Row],[crop&state]],'pivot tables'!$O$3:$O$151,'pivot tables'!$Q$3:$Q$151),Table2[[#This Row],[Pesticide(kg)]]) -> 5.28 | R10: 0.77 | S10: =IF(Table2[[#This Row],[Yield]]="",IFERROR(Table2[[#This Row],[Production(Tones)]]/Table2[[#This Row],[Area(hectare)]],""),Table2[[#This Row],[Yield]]) -> 0.77 | T10: 28.059 | U10: =IF(Table2[[#This Row],[Avg_Temperature(°C)]]="",IFERROR((Table2[[#This Row],[Max_Temperature(°C)]]+Table2[[#This Row],[Min_Temperature(°C)]])/2,""),Table2[[#This Row],[Avg_Temperature(°C)]]) -> 28.059 | V10: 32.519 | W10: =IF(Table2[[#This Row],[Max_Temperature(°C)]]="",_xlfn.XLOOKUP(Table2[[#This Row],[State]],'pivot tables'!$T$2:$T$33,'pivot tables'!$V$2:$V$33),Table2[[#This Row],[Max_Temperature(°C)]]) -> 32.519 | X10: 24.308 | Y10: =IF(Table2[[#This Row],[Min_Temperature(°C)]]="",_xlfn.XLOOKUP(Table2[[#This Row],[State]],'pivot tables'!$T$2:$T$33,'pivot tables'!$W$2:$W$33),Table2[[#This Row],[Min_Temperature(°C)]]) -> 24.308
A11: Urad | B11: 2010 | C11: Rabi | D11: =PROPER(TRIM(Table2[[#This Row],[Season]])) -> Rabi | E11: =IF(Table2[[#This Row],[Season]]="",_xlfn.XLOOKUP(Table2[[#This Row],[State]],'pivot tables'!$F$3:$F$33,'pivot tables'!$G$3:$G$33),Table2[[#This Row],[Season]]) -> Rabi | F11: Puducherry | G11: 189 | H11: =IF(Table2[[#This Row],[Area(hectare)]]="",IFERROR(Table2[[#This Row],[Production(Tones)]]/Table2[[#This Row],[Yield blanks]],""),Table2[[#This Row],[Area(hectare)]]) -> 189 | I11: 206 | J11: =IF(Table2[[#This Row],[Production(Tones)]]="",Table2[[#This Row],[Area Blanks]]*Table2[[#This Row],[Yield]],Table2[[#This Row],[Production(Tones)]]) -> 206 | K11: 1434.588 | L11: =IF(Table2[[#This Row],[Annual_Rainfall(mm)]]="",_xlfn.XLOOKUP(Table2[[#This Row],[State]],'pivot tables'!$J$3:$J$32,'pivot tables'!$K$3:$K$32),Table2[[#This Row],[Annual_Rainfall(mm)]]) -> 1434.588 | M11: =Table2[[#This Row],[Crop]]&Table2[[#This Row],[State]] -> UradPuducherry | N11: 31394.79 | O11: =IF(Table2[[#This Row],[Fertilizer(kg)]]="",_xlfn.XLOOKUP(Table2[[#This Row],[crop&state]],'pivot tables'!$O$3:$O$151,'pivot tables'!$P$3:$P$151),Table2[[#This Row],[Fertilizer(kg)]]) -> 31394.79 | P11: 45.36 | Q11: =IF(Table2[[#This Row],[Pesticide(kg)]]="",_xlfn.XLOOKUP(Table2[[#This Row],[crop&state]],'pivot tables'!$O$3:$O$151,'pivot tables'!$Q$3:$Q$151),Table2[[#This Row],[Pesticide(kg)]]) -> 45.36 | R11: 1.09 | S11: =IF(Table2[[#This Row],[Yield]]="",IFERROR(Table2[[#This Row],[Production(Tones)]]/Table2[[#This Row],[Area(hectare)]],""),Table2[[#This Row],[Yield]]) -> 1.09 | T11: 28.059 | U11: =IF(Table2[[#This Row],[Avg_Temperature(°C)]]="",IFERROR((Table2[[#This Row],[Max_Temperature(°C)]]+Table2[[#This Row],[Min_Temperature(°C)]])/2,""),Table2[[#This Row],[Avg_Temperature(°C)]]) -> 28.059 | V11: 32.519 | W11: =IF(Table2[[#This Row],[Max_Temperature(°C)]]="",_xlfn.XLOOKUP(Table2[[#This Row],[State]],'pivot tables'!$T$2:$T$33,'pivot tables'!$V$2:$V$33),Table2[[#This Row],[Max_Temperature(°C)]]) -> 32.519 | X11: 24.308 | Y11: =IF(Table2[[#This Row],[Min_Temperature(°C)]]="",_xlfn.XLOOKUP(Table2[[#This Row],[State]],'pivot tables'!$T$2:$T$33,'pivot tables'!$W$2:$W$33),Table2[[#This Row],[Min_Temperature(°C)]]) -> 24.308
A12: Urad | B12: 2010 | C12: Summer | D12: =PROPER(TRIM(Table2[[#This Row],[Season]])) -> Summer | E12: =IF(Table2[[#This Row],[Season]]="",_xlfn.XLOOKUP(Table2[[#This Row],[State]],'pivot tables'!$F$3:$F$33,'pivot tables'!$G$3:$G$33),Table2[[#This Row],[Season]]) -> Summer | F12: Puducherry | G12: 916 | H12: =IF(Table2[[#This Row],[Area(hectare)]]="",IFERROR(Table2[[#This Row],[Production(Tones)]]/Table2[[#This Row],[Yield blanks]],""),Table2[[#This Row],[Area(hectare)]]) -> 916 | I12: 374 | J12: =IF(Table2[[#This Row],[Production(Tones)]]="",Table2[[#This Row],[Area Blanks]]*Table2[[#This Row],[Yield]],Table2[[#This Row],[Production(Tones)]]) -> 374 | K12: 1434.588 | L12: =IF(Table2[[#This Row],[Annual_Rainfall(mm)]]="",_xlfn.XLOOKUP(Table2[[#This Row],[State]],'pivot tables'!$J$3:$J$32,'pivot tables'!$K$3:$K$32),Table2[[#This Row],[Annual_Rainfall(mm)]]) -> 1434.588 | M12: =Table2[[#This Row],[Crop]]&Table2[[#This Row],[State]] -> UradPuducherry | N12: 152156.76 | O12: =IF(Table2[[#This Row],[Fertilizer(kg)]]="",_xlfn.XLOOKUP(Table2[[#This Row],[crop&state]],'pivot tables'!$O$3:$O$151,'pivot tables'!$P$3:$P$151),Table2[[#This Row],[Fertilizer(kg)]]) -> 152156.76 | P12: 219.84 | Q12: =IF(Table2[[#This Row],[Pesticide(kg)]]="",_xlfn.XLOOKUP(Table2[[#This Row],[crop&state]],'pivot tables'!$O$3:$O$151,'pivot tables'!$Q$3:$Q$151),Table2[[#This Row],[Pesticide(kg)]]) -> 219.84 | R12: 0.627 | S12: =IF(Table2[[#This Row],[Yield]]="",IFERROR(Table2[[#This Row],[Production(Tones)]]/Table2[[#This Row],[Area(hectare)]],""),Table2[[#This Row],[Yield]]) -> 0.627 | T12: 28.059 | U12: =IF(Table2[[#This Row],[Avg_Temperature(°C)]]="",IFERROR((Table2[[#This Row],[Max_Temperature(°C)]]+Table2[[#This Row],[Min_Temperature(°C)]])/2,""),Table2[[#This Row],[Avg_Temperature(°C)]]) -> 28.059 | V12: 32.519 | W12: =IF(Table2[[#This Row],[Max_Temperature(°C)]]="",_xlfn.XLOOKUP(Table2[[#This Row],[State]],'pivot tables'!$T$2:$T$33,'pivot tables'!$V$2:$V$33),Table2[[#This Row],[Max_Temperature(°C)]]) -> 32.519 | X12: 24.308 | Y12: =IF(Table2[[#This Row],[Min_Temperature(°C)]]="",_xlfn.XLOOKUP(Table2[[#This Row],[State]],'pivot tables'!$T$2:$T$33,'pivot tables'!$W$2:$W$33),Table2[[#This Row],[Min_Temperature(°C)]]) -> 24.308
A13: Rice | B13: 2010 | C13: Autumn | D13: =PROPER(TRIM(Table2[[#This Row],[Season]])) -> Autumn | E13: =IF(Table2[[#This Row],[Season]]="",_xlfn.XLOOKUP(Table2[[#This Row],[State]],'pivot tables'!$F$3:$F$33,'pivot tables'!$G$3:$G$33),Table2[[#This Row],[Season]]) -> Autumn | F13: Assam | G13: 307988 | H13: =IF(Table2[[#This Row],[Area(hectare)]]="",IFERROR(Table2[[#This Row],[Production(Tones)]]/Table2[[#This Row],[Yield blanks]],""),Table2[[#This Row],[Area(hectare)]]) -> 307988 | I13: 355825 | J13: =IF(Table2[[#This Row],[Production(Tones)]]="",Table2[[#This Row],[Area Blanks]]*Table2[[#This Row],[Yield]],Table2[[#This Row],[Production(Tones)]]) -> 355825 | K13: 2578.5 | L13: =IF(Table2[[#This Row],[Annual_Rainfall(mm)]]="",_xlfn.XLOOKUP(Table2[[#This Row],[State]],'pivot tables'!$J$3:$J$32,'pivot tables'!$K$3:$K$32),Table2[[#This Row],[Annual_Rainfall(mm)]]) -> 2578.5 | M13: =Table2[[#This Row],[Crop]]&Table2[[#This Row],[State]] -> RiceAssam | N13: 51159887 | O13: =IF(Table2[[#This Row],[Fertilizer(kg)]]="",_xlfn.XLOOKUP(Table2[[#This Row],[crop&state]],'pivot tables'!$O$3:$O$151,'pivot tables'!$P$3:$P$151),Table2[[#This Row],[Fertilizer(kg)]]) -> 51159887 | P13: 73917.12 | Q13: =IF(Table2[[#This Row],[Pesticide(kg)]]="",_xlfn.XLOOKUP(Table2[[#This Row],[crop&state]],'pivot tables'!$O$3:$O$151,'pivot tables'!$Q$3:$Q$151),Table2[[#This Row],[Pesticide(kg)]]) -> 73917.12 | R13: 1.273 | S13: =IF(Table2[[#This Row],[Yield]]="",IFERROR(Table2[[#This Row],[Production(Tones)]]/Table2[[#This Row],[Area(hectare)]],""),Table2[[#This Row],[Yield]]) -> 1.273 | T13: 23.876 | U13: =IF(Table2[[#This Row],[Avg_Temperature(°C)]]="",IFERROR((Table2[[#This Row],[Max_Temperature(°C)]]+Table2[[#This Row],[Min_Temperature(°C)]])/2,""),Table2[[#This Row],[Avg_Temperature(°C)]]) -> 23.876 | V13: 32.111 | W13: =IF(Table2[[#This Row],[Max_Temperature(°C)]]="",_xlfn.XLOOKUP(Table2[[#This Row],[State]],'pivot tables'!$T$2:$T$33,'pivot tables'!$V$2:$V$33),Table2[[#This Row],[Max_Temperature(°C)]]) -> 32.111 | X13: 16.375 | Y13: =IF(Table2[[#This Row],[Min_Temperature(°C)]]="",_xlfn.XLOOKUP(Table2[[#This Row],[State]],'pivot tables'!$T$2:$T$33,'pivot tables'!$W$2:$W$33),Table2[[#This Row],[Min_Temperature(°C)]]) -> 16.375
A14: Rice | B14: 2010 | C14: Summer | D14: =PROPER(TRIM(Table2[[#This Row],[Season]])) -> Summer | E14: =IF(Table2[[#This Row],[Season]]="",_xlfn.XLOOKUP(Table2[[#This Row],[State]],'pivot tables'!$F$3:$F$33,'pivot tables'!$G$3:$G$33),Table2[[#This Row],[Season]]) -> Summer | F14: Assam | G14: 398785 | H14: =IF(Table2[[#This Row],[Area(hectare)]]="",IFERROR(Table2[[#This Row],[Production(Tones)]]/Table2[[#This Row],[Yield blanks]],""),Table2[[#This Row],[Area(hectare)]]) -> 398785 | I14: 1027575 | J14: =IF(Table2[[#This Row],[Production(Tones)]]="",Table2[[#This Row],[Area Blanks]]*Table2[[#This Row],[Yield]],Table2[[#This Row],[Production(Tones)]]) -> 1027575 | K14: 2578.5 | L14: =IF(Table2[[#This Row],[Annual_Rainfall(mm)]]="",_xlfn.XLOOKUP(Table2[[#This Row],[State]],'pivot tables'!$J$3:$J$32,'pivot tables'!$K$3:$K$32),Table2[[#This Row],[Annual_Rainfall(mm)]]) -> 2578.5 | M14: =Table2[[#This Row],[Crop]]&Table2[[#This Row],[State]] -> RiceAssam | N14: 66242176 | O14: =IF(Table2[[#This Row],[Fertilizer(kg)]]="",_xlfn.XLOOKUP(Table2[[#This Row],[crop&state]],'pivot tables'!$O$3:$O$151,'pivot tables'!$P$3:$P$151),Table2[[#This Row],[Fertilizer(kg)]]) -> 66242176 | P14: 95708.4 | Q14: =IF(Table2[[#This Row],[Pesticide(kg)]]="",_xlfn.XLOOKUP(Table2[[#This Row],[crop&state]],'pivot tables'!$O$3:$O$151,'pivot tables'!$Q$3:$Q$151),Table2[[#This Row],[Pesticide(kg)]]) -> 95708.4 | R14: 2.342 | S14: =IF(Table2[[#This Row],[Yield]]="",IFERROR(Table2[[#This Row],[Production(Tones)]]/Table2[[#This Row],[Area(hectare)]],""),Table2[[#This Row],[Yield]]) -> 2.342 | T14: 23.876 | U14: =IF(Table2[[#This Row],[Avg_Temperature(°C)]]="",IFERROR((Table2[[#This Row],[Max_Temperature(°C)]]+Table2[[#This Row],[Min_Temperature(°C)]])/2,""),Table2[[#This Row],[Avg_Temperature(°C)]]) -> 23.876 | V14: 32.111 | W14: =IF(Table2[[#This Row],[Max_Temperature(°C)]]="",_xlfn.XLOOKUP(Table2[[#This Row],[State]],'pivot tables'!$T$2:$T$33,'pivot tables'!$V$2:$V$33),Table2[[#This Row],[Max_Temperature(°C)]]) -> 32.111 | X14: 16.375 | Y14: =IF(Table2[[#This Row],[Min_Temperature(°C)]]="",_xlfn.XLOOKUP(Table2[[#This Row],[State]],'pivot tables'!$T$2:$T$33,'pivot tables'!$W$2:$W$33),Table2[[#This Row],[Min_Temperature(°C)]]) -> 16.375
A15: Rice | B15: 2010 | C15: Winter | D15: =PROPER(TRIM(Table2[[#This Row],[Season]])) -> Winter | E15: =IF(Table2[[#This Row],[Season]]="",_xlfn.XLOOKUP(Table2[[#This Row],[State]],'pivot tables'!$F$3:$F$33,'pivot tables'!$G$3:$G$33),Table2[[#This Row],[Season]]) -> Winter | F15: Assam | G15: 1830682 | H15: =IF(Table2[[#This Row],[Area(hectare)]]="",IFERROR(Table2[[#This Row],[Production(Tones)]]/Table2[[#This Row],[Yield blanks]],""),Table2[[#This Row],[Area(hectare)]]) -> 1830682 | I15: 3649129 | J15: =IF(Table2[[#This Row],[Production(Tones)]]="",Table2[[#This Row],[Area Blanks]]*Table2[[#This Row],[Yield]],Table2[[#This Row],[Production(Tones)]]) -> 3649129 | K15: 2578.5 | L15: =IF(Table2[[#This Row],[Annual_Rainfall(mm)]]="",_xlfn.XLOOKUP(Table2[[#This Row],[State]],'pivot tables'!$J$3:$J$32,'pivot tables'!$K$3:$K$32),Table2[[#This Row],[Annual_Rainfall(mm)]]) -> 2578.5 | M15: =Table2[[#This Row],[Crop]]&Table2[[#This Row],[State]] -> RiceAssam | N15: 304094587 | O15: =IF(Table2[[#This Row],[Fertilizer(kg)]]="",_xlfn.XLOOKUP(Table2[[#This Row],[crop&state]],'pivot tables'!$O$3:$O$151,'pivot tables'!$P$3:$P$151),Table2[[#This Row],[Fertilizer(kg)]]) -> 304094587 | P15: 439363.68 | Q15: =IF(Table2[[#This Row],[Pesticide(kg)]]="",_xlfn.XLOOKUP(Table2[[#This Row],[crop&state]],'pivot tables'!$O$3:$O$151,'pivot tables'!$Q$3:$Q$151),Table2[[#This Row],[Pesticide(kg)]]) -> 439363.68 | R15: 1.959 | S15: =IF(Table2[[#This Row],[Yield]]="",IFERROR(Table2[[#This Row],[Production(Tones)]]/Table2[[#This Row],[Area(hectare)]],""),Table2[[#This Row],[Yield]]) -> 1.959 | T15: 23.876 | U15: =IF(Table2[[#This Row],[Avg_Temperature(°C)]]="",IFERROR((Table2[[#This Row],[Max_Temperature(°C)]]+Table2[[#This Row],[Min_Temperature(°C)]])/2,""),Table2[[#This Row],[Avg_Temperature(°C)]]) -> 23.876 | V15: 32.111 | W15: =IF(Table2[[#This Row],[Max_Temperature(°C)]]="",_xlfn.XLOOKUP(Table2[[#This Row],[State]],'pivot tables'!$T$2:$T$33,'pivot tables'!$V$2:$V$33),Table2[[#This Row],[Max_Temperature(°C)]]) -> 32.111 | X15: 16.375 | Y15: =IF(Table2[[#This Row],[Min_Temperature(°C)]]="",_xlfn.XLOOKUP(Table2[[#This Row],[State]],'pivot tables'!$T$2:$T$33,'pivot tables'!$W$2:$W$33),Table2[[#This Row],[Min_Temperature(°C)]]) -> 16.375
... A21: Rice | B21: 2010 | C21: Kharif | D21: =PROPER(TRIM(Table2[[#This Row],[Season]])) -> Kharif | E21: =IF(Table2[[#This Row],[Season]]="",_xlfn.XLOOKUP(Table2[[#This Row],[State]],'pivot tables'!$F$3:$F$33,'pivot tables'!$G$3:$G$33),Table2[[#This Row],[Season]]) -> Kharif | F21: Andhra Pradesh | G21: 2921793 | H21: =IF(Table2[[#This Row],[Area(hectare)]]="",IFERROR(Table2[[#This Row],[Production(Tones)]]/Table2[[#This Row],[Yield blanks]],""),Table2[[#This Row],[Area(hectare)]]) -> 2921793 | I21: -7509866 | J21: =IF(Table2[[#This Row],[Production(Tones)]]="",Table2[[#This Row],[Area Blanks]]*Table2[[#This Row],[Yield]],Table2[[#This Row],[Production(Tones)]]) -> -7509866 | K21: 1297 | L21: =IF(Table2[[#This Row],[Annual_Rainfall(mm)]]="",_xlfn.XLOOKUP(Table2[[#This Row],[State]],'pivot tables'!$J$3:$J$32,'pivot tables'!$K$3:$K$32),Table2[[#This Row],[Annual_Rainfall(mm)]]) -> 1297 | M21: =Table2[[#This Row],[Crop]]&Table2[[#This Row],[State]] -> RiceAndhra Pradesh | N21: 4.8533904e+08 | O21: =IF(Table2[[#This Row],[Fertilizer(kg)]]="",_xlfn.XLOOKUP(Table2[[#This Row],[crop&state]],'pivot tables'!$O$3:$O$151,'pivot tables'!$P$3:$P$151),Table2[[#This Row],[Fertilizer(kg)]]) -> 4.8533904e+08 | P21: 701230.32 | Q21: =IF(Table2[[#This Row],[Pesticide(kg)]]="",_xlfn.XLOOKUP(Table2[[#This Row],[crop&state]],'pivot tables'!$O$3:$O$151,'pivot tables'!$Q$3:$Q$151),Table2[[#This Row],[Pesticide(kg)]]) -> 701230.32 | R21: 2.667 | S21: =IF(Table2[[#This Row],[Yield]]="",IFERROR(Table2[[#This Row],[Production(Tones)]]/Table2[[#This Row],[Area(hectare)]],""),Table2[[#This Row],[Yield]]) -> 2.667 | T21: 27.928 | U21: =IF(Table2[[#This Row],[Avg_Temperature(°C)]]="",IFERROR((Table2[[#This Row],[Max_Temperature(°C)]]+Table2[[#This Row],[Min_Temperature(°C)]])/2,""),Table2[[#This Row],[Avg_Temperature(°C)]]) -> 27.928 | V21: 37.308 | W21: =IF(Table2[[#This Row],[Max_Temperature(°C)]]="",_xlfn.XLOOKUP(Table2[[#This Row],[State]],'pivot tables'!$T$2:$T$33,'pivot tables'!$V$2:$V$33),Table2[[#This Row],[Max_Temperature(°C)]]) -> 37.308 | X21: 20.51 | Y21: =IF(Table2[[#This Row],[Min_Temperature(°C)]]="",_xlfn.XLOOKUP(Table2[[#This Row],[State]],'pivot tables'!$T$2:$T$33,'pivot tables'!$W$2:$W$33),Table2[[#This Row],[Min_Temperature(°C)]]) -> 20.51
A22: Rice | B22: 2010 | C22: Rabi | D22: =PROPER(TRIM(Table2[[#This Row],[Season]])) -> Rabi | E22: =IF(Table2[[#This Row],[Season]]="",_xlfn.XLOOKUP(Table2[[#This Row],[State]],'pivot tables'!$F$3:$F$33,'pivot tables'!$G$3:$G$33),Table2[[#This Row],[Season]]) -> Rabi | F22: Andhra Pradesh | G22: 1829516 | H22: =IF(Table2[[#This Row],[Area(hectare)]]="",IFERROR(Table2[[#This Row],[Production(Tones)]]/Table2[[#This Row],[Yield blanks]],""),Table2[[#This Row],[Area(hectare)]]) -> 1829516 | I22: 6909447 | J22: =IF(Table2[[#This Row],[Production(Tones)]]="",Table2[[#This Row],[Area Blanks]]*Table2[[#This Row],[Yield]],Table2[[#This Row],[Production(Tones)]]) -> 6909447 | L22: =IF(Table2[[#This Row],[Annual_Rainfall(mm)]]="",_xlfn.XLOOKUP(Table2[[#This Row],[State]],'pivot tables'!$J$3:$J$32,'pivot tables'!$K$3:$K$32),Table2[[#This Row],[Annual_Rainfall(mm)]]) -> 956.04894 | M22: =Table2[[#This Row],[Crop]]&Table2[[#This Row],[State]] -> RiceAndhra Pradesh | N22: 3.039009e+08 | O22: =IF(Table2[[#This Row],[Fertilizer(kg)]]="",_xlfn.XLOOKUP(Table2[[#This Row],[crop&state]],'pivot tables'!$O$3:$O$151,'pivot tables'!$P$3:$P$151),Table2[[#This Row],[Fertilizer(kg)]]) -> 3.039009e+08 | P22: 439083.84 | Q22: =IF(Table2[[#This Row],[Pesticide(kg)]]="",_xlfn.XLOOKUP(Table2[[#This Row],[crop&state]],'pivot tables'!$O$3:$O$151,'pivot tables'!$Q$3:$Q$151),Table2[[#This Row],[Pesticide(kg)]]) -> 439083.84 | R22: 3.326 | S22: =IF(Table2[[#This Row],[Yield]]="",IFERROR(Table2[[#This Row],[Production(Tones)]]/Table2[[#This Row],[Area(hectare)]],""),Table2[[#This Row],[Yield]]) -> 3.326 | U22: =IF(Table2[[#This Row],[Avg_Temperature(°C)]]="",IFERROR((Table2[[#This Row],[Max_Temperature(°C)]]+Table2[[#This Row],[Min_Temperature(°C)]])/2,""),Table2[[#This Row],[Avg_Temperature(°C)]]) -> 28.909 | V22: 37.308 | W22: =IF(Table2[[#This Row],[Max_Temperature(°C)]]="",_xlfn.XLOOKUP(Table2[[#This Row],[State]],'pivot tables'!$T$2:$T$33,'pivot tables'!$V$2:$V$33),Table2[[#This Row],[Max_Temperature(°C)]]) -> 37.308 | X22: 20.51 | Y22: =IF(Table2[[#This Row],[Min_Temperature(°C)]]="",_xlfn.XLOOKUP(Table2[[#This Row],[State]],'pivot tables'!$T$2:$T$33,'pivot tables'!$W$2:$W$33),Table2[[#This Row],[Min_Temperature(°C)]]) -> 20.51
A23: Sugarcane | B23: 2010 | C23: Whole Year | D23: =PROPER(TRIM(Table2[[#This Row],[Season]])) -> Whole Year | E23: =IF(Table2[[#This Row],[Season]]="",_xlfn.XLOOKUP(Table2[[#This Row],[State]],'pivot tables'!$F$3:$F$33,'pivot tables'!$G$3:$G$33),Table2[[#This Row],[Season]]) -> Whole Year | F23: Andhra Pradesh | G23: 191729 | H23: =IF(Table2[[#This Row],[Area(hectare)]]="",IFERROR(Table2[[#This Row],[Production(Tones)]]/Table2[[#This Row],[Yield blanks]],""),Table2[[#This Row],[Area(hectare)]]) -> 191729 | I23: 14942455 | J23: =IF(Table2[[#This Row],[Production(Tones)]]="",Table2[[#This Row],[Area Blanks]]*Table2[[#This Row],[Yield]],Table2[[#This Row],[Production(Tones)]]) -> 14942455 | K23: 1297 | L23: =IF(Table2[[#This Row],[Annual_Rainfall(mm)]]="",_xlfn.XLOOKUP(Table2[[#This Row],[State]],'pivot tables'!$J$3:$J$32,'pivot tables'!$K$3:$K$32),Table2[[#This Row],[Annual_Rainfall(mm)]]) -> 1297 | M23: =Table2[[#This Row],[Crop]]&Table2[[#This Row],[State]] -> SugarcaneAndhra Pradesh | N23: 31848104 | O23: =IF(Table2[[#This Row],[Fertilizer(kg)]]="",_xlfn.XLOOKUP(Table2[[#This Row],[crop&state]],'pivot tables'!$O$3:$O$151,'pivot tables'!$P$3:$P$151),Table2[[#This Row],[Fertilizer(kg)]]) -> 31848104 | P23: 46014.96 | Q23: =IF(Table2[[#This Row],[Pesticide(kg)]]="",_xlfn.XLOOKUP(Table2[[#This Row],[crop&state]],'pivot tables'!$O$3:$O$151,'pivot tables'!$Q$3:$Q$151),Table2[[#This Row],[Pesticide(kg)]]) -> 46014.96 | R23: 81.584 | S23: =IF(Table2[[#This Row],[Yield]]="",IFERROR(Table2[[#This Row],[Production(Tones)]]/Table2[[#This Row],[Area(hectare)]],""),Table2[[#This Row],[Yield]]) -> 81.584 | T23: 27.928 | U23: =IF(Table2[[#This Row],[Avg_Temperature(°C)]]="",IFERROR((Table2[[#This Row],[Max_Temperature(°C)]]+Table2[[#This Row],[Min_Temperature(°C)]])/2,""),Table2[[#This Row],[Avg_Temperature(°C)]]) -> 27.928 | V23: 37.308 | W23: =IF(Table2[[#This Row],[Max_Temperature(°C)]]="",_xlfn.XLOOKUP(Table2[[#This Row],[State]],'pivot tables'!$T$2:$T$33,'pivot tables'!$V$2:$V$33),Table2[[#This Row],[Max_Temperature(°C)]]) -> 37.308 | X23: 20.51 | Y23: =IF(Table2[[#This Row],[Min_Temperature(°C)]]="",_xlfn.XLOOKUP(Table2[[#This Row],[State]],'pivot tables'!$T$2:$T$33,'pivot tables'!$W$2:$W$33),Table2[[#This Row],[Min_Temperature(°C)]]) -> 20.51
A24: Sunflower | B24: 2010 | C24: Whole Year | D24: =PROPER(TRIM(Table2[[#This Row],[Season]])) -> Whole Year | E24: =IF(Table2[[#This Row],[Season]]="",_xlfn.XLOOKUP(Table2[[#This Row],[State]],'pivot tables'!$F$3:$F$33,'pivot tables'!$G$3:$G$33),Table2[[#This Row],[Season]]) -> Whole Year | F24: Andhra Pradesh | G24: 225361 | H24: =IF(Table2[[#This Row],[Area(hectare)]]="",IFERROR(Table2[[#This Row],[Production(Tones)]]/Table2[[#This Row],[Yield blanks]],""),Table2[[#This Row],[Area(hectare)]]) -> 225361 | I24: 156170 | J24: =IF(Table2[[#This Row],[Production(Tones)]]="",Table2[[#This Row],[Area Blanks]]*Table2[[#This Row],[Yield]],Table2[[#This Row],[Production(Tones)]]) -> 156170 | K24: 1297 | L24: =IF(Table2[[#This Row],[Annual_Rainfall(mm)]]="",_xlfn.XLOOKUP(Table2[[#This Row],[State]],'pivot tables'!$J$3:$J$32,'pivot tables'!$K$3:$K$32),Table2[[#This Row],[Annual_Rainfall(mm)]]) -> 1297 | M24: =Table2[[#This Row],[Crop]]&Table2[[#This Row],[State]] -> SunflowerAndhra Pradesh | N24: 37434716 | O24: =IF(Table2[[#This Row],[Fertilizer(kg)]]="",_xlfn.XLOOKUP(Table2[[#This Row],[crop&state]],'pivot tables'!$O$3:$O$151,'pivot tables'!$P$3:$P$151),Table2[[#This Row],[Fertilizer(kg)]]) -> 37434716 | Q24: =IF(Table2[[#This Row],[Pesticide(kg)]]="",_xlfn.XLOOKUP(Table2[[#This Row],[crop&state]],'pivot tables'!$O$3:$O$151,'pivot tables'!$Q$3:$Q$151),Table2[[#This Row],[Pesticide(kg)]]) -> 9934.5656 | R24: 1.032 | S24: =IF(Table2[[#This Row],[Yield]]="",IFERROR(Table2[[#This Row],[Production(Tones)]]/Table2[[#This Row],[Area(hectare)]],""),Table2[[#This Row],[Yield]]) -> 1.032 | T24: 27.928 | U24: =IF(Table2[[#This Row],[Avg_Temperature(°C)]]="",IFERROR((Table2[[#This Row],[Max_Temperature(°C)]]+Table2[[#This Row],[Min_Temperature(°C)]])/2,""),Table2[[#This Row],[Avg_Temperature(°C)]]) -> 27.928 | V24: 37.308 | W24: =IF(Table2[[#This Row],[Max_Temperature(°C)]]="",_xlfn.XLOOKUP(Table2[[#This Row],[State]],'pivot tables'!$T$2:$T$33,'pivot tables'!$V$2:$V$33),Table2[[#This Row],[Max_Temperature(°C)]]) -> 37.308 | X24: 20.51 | Y24: =IF(Table2[[#This Row],[Min_Temperature(°C)]]="",_xlfn.XLOOKUP(Table2[[#This Row],[State]],'pivot tables'!$T$2:$T$33,'pivot tables'!$W$2:$W$33),Table2[[#This Row],[Min_Temperature(°C)]]) -> 20.51
A25: Urad | B25: 2010 | C25: Kharif | D25: =PROPER(TRIM(Table2[[#This Row],[Season]])) -> Kharif | E25: =IF(Table2[[#This Row],[Season]]="",_xlfn.XLOOKUP(Table2[[#This Row],[State]],'pivot tables'!$F$3:$F$33,'pivot tables'!$G$3:$G$33),Table2[[#This Row],[Season]]) -> Kharif | F25: Andhra Pradesh | G25: 82317 | H25: =IF(Table2[[#This Row],[Area(hectare)]]="",IFERROR(Table2[[#This Row],[Production(Tones)]]/Table2[[#This Row],[Yield blanks]],""),Table2[[#This Row],[Area(hectare)]]) -> 82317 | I25: 46191 | J25: =IF(Table2[[#This Row],[Production(Tones)]]="",Table2[[#This Row],[Area Blanks]]*Table2[[#This Row],[Yield]],Table2[[#This Row],[Production(Tones)]]) -> 46191 | K25: 1297 | L25: =IF(Table2[[#This Row],[Annual_Rainfall(mm)]]="",_xlfn.XLOOKUP(Table2[[#This Row],[State]],'pivot tables'!$J$3:$J$32,'pivot tables'!$K$3:$K$32),Table2[[#This Row],[Annual_Rainfall(mm)]]) -> 1297 | M25: =Table2[[#This Row],[Crop]]&Table2[[#This Row],[State]] -> UradAndhra Pradesh | N25: 13673677 | O25: =IF(Table2[[#This Row],[Fertilizer(kg)]]="",_xlfn.XLOOKUP(Table2[[#This Row],[crop&state]],'pivot tables'!$O$3:$O$151,'pivot tables'!$P$3:$P$151),Table2[[#This Row],[Fertilizer(kg)]]) -> 13673677 | P25: 19756.08 | Q25: =IF(Table2[[#This Row],[Pesticide(kg)]]="",_xlfn.XLOOKUP(Table2[[#This Row],[crop&state]],'pivot tables'!$O$3:$O$151,'pivot tables'!$Q$3:$Q$151),Table2[[#This Row],[Pesticide(kg)]]) -> 19756.08 | R25: 0.473 | S25: =IF(Table2[[#This Row],[Yield]]="",IFERROR(Table2[[#This Row],[Production(Tones)]]/Table2[[#This Row],[Area(hectare)]],""),Table2[[#This Row],[Yield]]) -> 0.473 | T25: 27.928 | U25: =IF(Table2[[#This Row],[Avg_Temperature(°C)]]="",IFERROR((Table2[[#This Row],[Max_Temperature(°C)]]+Table2[[#This Row],[Min_Temperature(°C)]])/2,""),Table2[[#This Row],[Avg_Temperature(°C)]]) -> 27.928 | V25: 37.308 | W25: =IF(Table2[[#This Row],[Max_Temperature(°C)]]="",_xlfn.XLOOKUP(Table2[[#This Row],[State]],'pivot tables'!$T$2:$T$33,'pivot tables'!$V$2:$V$33),Table2[[#This Row],[Max_Temperature(°C)]]) -> 37.308 | X25: 20.51 | Y25: =IF(Table2[[#This Row],[Min_Temperature(°C)]]="",_xlfn.XLOOKUP(Table2[[#This Row],[State]],'pivot tables'!$T$2:$T$33,'pivot tables'!$W$2:$W$33),Table2[[#This Row],[Min_Temperature(°C)]]) -> 20.51
A26: Urad | B26: 2010 | C26: Rabi | D26: =PROPER(TRIM(Table2[[#This Row],[Season]])) -> Rabi | E26: =IF(Table2[[#This Row],[Season]]="",_xlfn.XLOOKUP(Table2[[#This Row],[State]],'pivot tables'!$F$3:$F$33,'pivot tables'!$G$3:$G$33),Table2[[#This Row],[Season]]) -> Rabi | F26: Andhra Pradesh | G26: 381529 | H26: =IF(Table2[[#This Row],[Area(hectare)]]="",IFERROR(Table2[[#This Row],[Production(Tones)]]/Table2[[#This Row],[Yield blanks]],""),Table2[[#This Row],[Area(hectare)]]) -> 381529 | I26: 207272 | J26: =IF(Table2[[#This Row],[Production(Tones)]]="",Table2[[#This Row],[Area Blanks]]*Table2[[#This Row],[Yield]],Table2[[#This Row],[Production(Tones)]]) -> 207272 | K26: 1297 | L26: =IF(Table2[[#This Row],[Annual_Rainfall(mm)]]="",_xlfn.XLOOKUP(Table2[[#This Row],[State]],'pivot tables'!$J$3:$J$32,'pivot tables'!$K$3:$K$32),Table2[[#This Row],[Annual_Rainfall(mm)]]) -> 1297 | M26: =Table2[[#This Row],[Crop]]&Table2[[#This Row],[State]] -> UradAndhra Pradesh | N26: 63375782 | O26: =IF(Table2[[#This Row],[Fertilizer(kg)]]="",_xlfn.XLOOKUP(Table2[[#This Row],[crop&state]],'pivot tables'!$O$3:$O$151,'pivot tables'!$P$3:$P$151),Table2[[#This Row],[Fertilizer(kg)]]) -> 63375782 | P26: 91566.96 | Q26: =IF(Table2[[#This Row],[Pesticide(kg)]]="",_xlfn.XLOOKUP(Table2[[#This Row],[crop&state]],'pivot tables'!$O$3:$O$151,'pivot tables'!$Q$3:$Q$151),Table2[[#This Row],[Pesticide(kg)]]) -> 91566.96 | R26: 0.574 | S26: =IF(Table2[[#This Row],[Yield]]="",IFERROR(Table2[[#This Row],[Production(Tones)]]/Table2[[#This Row],[Area(hectare)]],""),Table2[[#This Row],[Yield]]) -> 0.574 | T26: 27.928 | U26: =IF(Table2[[#This Row],[Avg_Temperature(°C)]]="",IFERROR((Table2[[#This Row],[Max_Temperature(°C)]]+Table2[[#This Row],[Min_Temperature(°C)]])/2,""),Table2[[#This Row],[Avg_Temperature(°C)]]) -> 27.928 | V26: 37.308 | W26: =IF(Table2[[#This Row],[Max_Temperature(°C)]]="",_xlfn.XLOOKUP(Table2[[#This Row],[State]],'pivot tables'!$T$2:$T$33,'pivot tables'!$V$2:$V$33),Table2[[#This Row],[Max_Temperature(°C)]]) -> 37.308 | X26: 20.51 | Y26: =IF(Table2[[#This Row],[Min_Temperature(°C)]]="",_xlfn.XLOOKUP(Table2[[#This Row],[State]],'pivot tables'!$T$2:$T$33,'pivot tables'!$W$2:$W$33),Table2[[#This Row],[Min_Temperature(°C)]]) -> 20.51
A27: Wheat | B27: 2010 | C27: Rabi | D27: =PROPER(TRIM(Table2[[#This Row],[Season]])) -> Rabi | E27: =IF(Table2[[#This Row],[Season]]="",_xlfn.XLOOKUP(Table2[[#This Row],[State]],'pivot tables'!$F$3:$F$33,'pivot tables'!$G$3:$G$33),Table2[[#This Row],[Season]]) -> Rabi | F27: Andhra Pradesh | G27: 10085 | H27: =IF(Table2[[#This Row],[Area(hectare)]]="",IFERROR(Table2[[#This Row],[Production(Tones)]]/Table2[[#This Row],[Yield blanks]],""),Table2[[#This Row],[Area(hectare)]]) -> 10085 | I27: 13143 | J27: =IF(Table2[[#This Row],[Production(Tones)]]="",Table2[[#This Row],[Area Blanks]]*Table2[[#This Row],[Yield]],Table2[[#This Row],[Production(Tones)]]) -> 13143 | L27: =IF(Table2[[#This Row],[Annual_Rainfall(mm)]]="",_xlfn.XLOOKUP(Table2[[#This Row],[State]],'pivot tables'!$J$3:$J$32,'pivot tables'!$K$3:$K$32),Table2[[#This Row],[Annual_Rainfall(mm)]]) -> 956.04894 | M27: =Table2[[#This Row],[Crop]]&Table2[[#This Row],[State]] -> WheatAndhra Pradesh | N27: 1675219.4 | O27: =IF(Table2[[#This Row],[Fertilizer(kg)]]="",_xlfn.XLOOKUP(Table2[[#This Row],[crop&state]],'pivot tables'!$O$3:$O$151,'pivot tables'!$P$3:$P$151),Table2[[#This Row],[Fertilizer(kg)]]) -> 1675219.4 | P27: 2420.4 | Q27: =IF(Table2[[#This Row],[Pesticide(kg)]]="",_xlfn.XLOOKUP(Table2[[#This Row],[crop&state]],'pivot tables'!$O$3:$O$151,'pivot tables'!$Q$3:$Q$151),Table2[[#This Row],[Pesticide(kg)]]) -> 2420.4 | R27: 1.312 | S27: =IF(Table2[[#This Row],[Yield]]="",IFERROR(Table2[[#This Row],[Production(Tones)]]/Table2[[#This Row],[Area(hectare)]],""),Table2[[#This Row],[Yield]]) -> 1.312 | T27: 27.928 | U27: =IF(Table2[[#This Row],[Avg_Temperature(°C)]]="",IFERROR((Table2[[#This Row],[Max_Temperature(°C)]]+Table2[[#This Row],[Min_Temperature(°C)]])/2,""),Table2[[#This Row],[Avg_Temperature(°C)]]) -> 27.928 | V27: 37.308 | W27: =IF(Table2[[#This Row],[Max_Temperature(°C)]]="",_xlfn.XLOOKUP(Table2[[#This Row],[State]],'pivot tables'!$T$2:$T$33,'pivot tables'!$V$2:$V$33),Table2[[#This Row],[Max_Temperature(°C)]]) -> 37.308 | X27: 20.51 | Y27: =IF(Table2[[#This Row],[Min_Temperature(°C)]]="",_xlfn.XLOOKUP(Table2[[#This Row],[State]],'pivot tables'!$T$2:$T$33,'pivot tables'!$W$2:$W$33),Table2[[#This Row],[Min_Temperature(°C)]]) -> 20.51
A28: Ragi | B28: 2010 | C28: Kharif | D28: =PROPER(TRIM(Table2[[#This Row],[Season]])) -> Kharif | E28: =IF(Table2[[#This Row],[Season]]="",_xlfn.XLOOKUP(Table2[[#This Row],[State]],'pivot tables'!$F$3:$F$33,'pivot tables'!$G$3:$G$33),Table2[[#This Row],[Season]]) -> Kharif | F28: Karnataka | G28: 733345 | H28: =IF(Table2[[#This Row],[Area(hectare)]]="",IFERROR(Table2[[#This Row],[Production(Tones)]]/Table2[[#This Row],[Yield blanks]],""),Table2[[#This Row],[Area(hectare)]]) -> 733345 | I28: 1409869 | J28: =IF(Table2[[#This Row],[Production(Tones)]]="",Table2[[#This Row],[Area Blanks]]*Table2[[#This Row],[Yield]],Table2[[#This Row],[Production(Tones)]]) -> 1409869 | K28: 1317.7 | L28: =IF(Table2[[#This Row],[Annual_Rainfall(mm)]]="",_xlfn.XLOOKUP(Table2[[#This Row],[State]],'pivot tables'!$J$3:$J$32,'pivot tables'!$K$3:$K$32),Table2[[#This Row],[Annual_Rainfall(mm)]]) -> 1317.7 | M28: =Table2[[#This Row],[Crop]]&Table2[[#This Row],[State]] -> RagiKarnataka | N28: 1.2181594e+08 | O28: =IF(Table2[[#This Row],[Fertilizer(kg)]]="",_xlfn.XLOOKUP(Table2[[#This Row],[crop&state]],'pivot tables'!$O$3:$O$151,'pivot tables'!$P$3:$P$151),Table2[[#This Row],[Fertilizer(kg)]]) -> 1.2181594e+08 | P28: 176002.8 | Q28: =IF(Table2[[#This Row],[Pesticide(kg)]]="",_xlfn.XLOOKUP(Table2[[#This Row],[crop&state]],'pivot tables'!$O$3:$O$151,'pivot tables'!$Q$3:$Q$151),Table2[[#This Row],[Pesticide(kg)]]) -> 176002.8 | R28: 1.627 | S28: =IF(Table2[[#This Row],[Yield]]="",IFERROR(Table2[[#This Row],[Production(Tones)]]/Table2[[#This Row],[Area(hectare)]],""),Table2[[#This Row],[Yield]]) -> 1.627 | T28: 25.658 | U28: =IF(Table2[[#This Row],[Avg_Temperature(°C)]]="",IFERROR((Table2[[#This Row],[Max_Temperature(°C)]]+Table2[[#This Row],[Min_Temperature(°C)]])/2,""),Table2[[#This Row],[Avg_Temperature(°C)]]) -> 25.658 | V28: 35.068 | W28: =IF(Table2[[#This Row],[Max_Temperature(°C)]]="",_xlfn.XLOOKUP(Table2[[#This Row],[State]],'pivot tables'!$T$2:$T$33,'pivot tables'!$V$2:$V$33),Table2[[#This Row],[Max_Temperature(°C)]]) -> 35.068 | X28: 16.714 | Y28: =IF(Table2[[#This Row],[Min_Temperature(°C)]]="",_xlfn.XLOOKUP(Table2[[#This Row],[State]],'pivot tables'!$T$2:$T$33,'pivot tables'!$W$2:$W$33),Table2[[#This Row],[Min_Temperature(°C)]]) -> 16.714
A29: Ragi | B29: 2010 | C29: Rabi | D29: =PROPER(TRIM(Table2[[#This Row],[Season]])) -> Rabi | E29: =IF(Table2[[#This Row],[Season]]="",_xlfn.XLOOKUP(Table2[[#This Row],[State]],'pivot tables'!$F$3:$F$33,'pivot tables'!$G$3:$G$33),Table2[[#This Row],[Season]]) -> Rabi | F29: Karnataka | G29: 45898 | H29: =IF(Table2[[#This Row],[Area(hectare)]]="",IFERROR(Table2[[#This Row],[Production(Tones)]]/Table2[[#This Row],[Yield blanks]],""),Table2[[#This Row],[Area(hectare)]]) -> 45898 | I29: 71598 | J29: =IF(Table2[[#This Row],[Production(Tones)]]="",Table2[[#This Row],[Area Blanks]]*Table2[[#This Row],[Yield]],Table2[[#This Row],[Production(Tones)]]) -> 71598 | K29: 1317.7 | L29: =IF(Table2[[#This Row],[Annual_Rainfall(mm)]]="",_xlfn.XLOOKUP(Table2[[#This Row],[State]],'pivot tables'!$J$3:$J$32,'pivot tables'!$K$3:$K$32),Table2[[#This Row],[Annual_Rainfall(mm)]]) -> 1317.7 | M29: =Table2[[#This Row],[Crop]]&Table2[[#This Row],[State]] -> RagiKarnataka | N29: 7624116.8 | O29: =IF(Table2[[#This Row],[Fertilizer(kg)]]="",_xlfn.XLOOKUP(Table2[[#This Row],[crop&state]],'pivot tables'!$O$3:$O$151,'pivot tables'!$P$3:$P$151),Table2[[#This Row],[Fertilizer(kg)]]) -> 7624116.8 | P29: 11015.52 | Q29: =IF(Table2[[#This Row],[Pesticide(kg)]]="",_xlfn.XLOOKUP(Table2[[#This Row],[crop&state]],'pivot tables'!$O$3:$O$151,'pivot tables'!$Q$3:$Q$151),Table2[[#This Row],[Pesticide(kg)]]) -> 11015.52 | R29: 1.767 | S29: =IF(Table2[[#This Row],[Yield]]="",IFERROR(Table2[[#This Row],[Production(Tones)]]/Table2[[#This Row],[Area(hectare)]],""),Table2[[#This Row],[Yield]]) -> 1.767 | T29: 25.658 | U29: =IF(Table2[[#This Row],[Avg_Temperature(°C)]]="",IFERROR((Table2[[#This Row],[Max_Temperature(°C)]]+Table2[[#This Row],[Min_Temperature(°C)]])/2,""),Table2[[#This Row],[Avg_Temperature(°C)]]) -> 25.658 | V29: 35.068 | W29: =IF(Table2[[#This Row],[Max_Temperature(°C)]]="",_xlfn.XLOOKUP(Table2[[#This Row],[State]],'pivot tables'!$T$2:$T$33,'pivot tables'!$V$2:$V$33),Table2[[#This Row],[Max_Temperature(°C)]]) -> 35.068 | X29: 16.714 | Y29: =IF(Table2[[#This Row],[Min_Temperature(°C)]]="",_xlfn.XLOOKUP(Table2[[#This Row],[State]],'pivot tables'!$T$2:$T$33,'pivot tables'!$W$2:$W$33),Table2[[#This Row],[Min_Temperature(°C)]]) -> 16.714
A30: Ragi | B30: 2010 | D30: =PROPER(TRIM(Table2[[#This Row],[Season]])) | E30: =IF(Table2[[#This Row],[Season]]="",_xlfn.XLOOKUP(Table2[[#This Row],[State]],'pivot tables'!$F$3:$F$33,'pivot tables'!$G$3:$G$33),Table2[[#This Row],[Season]]) -> Rabi | F30: Karnataka | G30: 8675 | H30: =IF(Table2[[#This Row],[Area(hectare)]]="",IFERROR(Table2[[#This Row],[Production(Tones)]]/Table2[[#This Row],[Yield blanks]],""),Table2[[#This Row],[Area(hectare)]]) -> 8675 | I30: 16983 | J30: =IF(Table2[[#This Row],[Production(Tones)]]="",Table2[[#This Row],[Area Blanks]]*Table2[[#This Row],[Yield]],Table2[[#This Row],[Production(Tones)]]) -> 16983 | K30: 1317.7 | L30: =IF(Table2[[#This Row],[Annual_Rainfall(mm)]]="",_xlfn.XLOOKUP(Table2[[#This Row],[State]],'pivot tables'!$J$3:$J$32,'pivot tables'!$K$3:$K$32),Table2[[#This Row],[Annual_Rainfall(mm)]]) -> 1317.7 | M30: =Table2[[#This Row],[Crop]]&Table2[[#This Row],[State]] -> RagiKarnataka | N30: 1441004.2 | O30: =IF(Table2[[#This Row],[Fertilizer(kg)]]="",_xlfn.XLOOKUP(Table2[[#This Row],[crop&state]],'pivot tables'!$O$3:$O$151,'pivot tables'!$P$3:$P$151),Table2[[#This Row],[Fertilizer(kg)]]) -> 1441004.2 | P30: 2082 | Q30: =IF(Table2[[#This Row],[Pesticide(kg)]]="",_xlfn.XLOOKUP(Table2[[#This Row],[crop&state]],'pivot tables'!$O$3:$O$151,'pivot tables'!$Q$3:$Q$151),Table2[[#This Row],[Pesticide(kg)]]) -> 2082 | R30: 1.889 | S30: =IF(Table2[[#This Row],[Yield]]="",IFERROR(Table2[[#This Row],[Production(Tones)]]/Table2[[#This Row],[Area(hectare)]],""),Table2[[#This Row],[Yield]]) -> 1.889 | T30: 25.658 | U30: =IF(Table2[[#This Row],[Avg_Temperature(°C)]]="",IFERROR((Table2[[#This Row],[Max_Temperature(°C)]]+Table2[[#This Row],[Min_Temperature(°C)]])/2,""),Table2[[#This Row],[Avg_Temperature(°C)]]) -> 25.658 | V30: 35.068 | W30: =IF(Table2[[#This Row],[Max_Temperature(°C)]]="",_xlfn.XLOOKUP(Table2[[#This Row],[State]],'pivot tables'!$T$2:$T$33,'pivot tables'!$V$2:$V$33),Table2[[#This Row],[Max_Temperature(°C)]]) -> 35.068 | X30: 16.714 | Y30: =IF(Table2[[#This Row],[Min_Temperature(°C)]]="",_xlfn.XLOOKUP(Table2[[#This Row],[State]],'pivot tables'!$T$2:$T$33,'pivot tables'!$W$2:$W$33),Table2[[#This Row],[Min_Temperature(°C)]]) -> 16.714
A31: Rice | B31: 2010 | C31: Kharif | D31: =PROPER(TRIM(Table2[[#This Row],[Season]])) -> Kharif | E31: =IF(Table2[[#This Row],[Season]]="",_xlfn.XLOOKUP(Table2[[#This Row],[State]],'pivot tables'!$F$3:$F$33,'pivot tables'!$G$3:$G$33),Table2[[#This Row],[Season]]) -> Kharif | F31: Karnataka | G31: 1129304 | H31: =IF(Table2[[#This Row],[Area(hectare)]]="",IFERROR(Table2[[#This Row],[Production(Tones)]]/Table2[[#This Row],[Yield blanks]],""),Table2[[#This Row],[Area(hectare)]]) -> 1129304 | J31: =IF(Table2[[#This Row],[Production(Tones)]]="",Table2[[#This Row],[Area Blanks]]*Table2[[#This Row],[Yield]],Table2[[#This Row],[Production(Tones)]]) -> 2997172.8 | K31: 1317.7 | L31: =IF(Table2[[#This Row],[Annual_Rainfall(mm)]]="",_xlfn.XLOOKUP(Table2[[#This Row],[State]],'pivot tables'!$J$3:$J$32,'pivot tables'!$K$3:$K$32),Table2[[#This Row],[Annual_Rainfall(mm)]]) -> 1317.7 | M31: =Table2[[#This Row],[Crop]]&Table2[[#This Row],[State]] -> RiceKarnataka | N31: 1.8758869e+08 | O31: =IF(Table2[[#This Row],[Fertilizer(kg)]]="",_xlfn.XLOOKUP(Table2[[#This Row],[crop&state]],'pivot tables'!$O$3:$O$151,'pivot tables'!$P$3:$P$151),Table2[[#This Row],[Fertilizer(kg)]]) -> 1.8758869e+08 | Q31: =IF(Table2[[#This Row],[Pesticide(kg)]]="",_xlfn.XLOOKUP(Table2[[#This Row],[crop&state]],'pivot tables'!$O$3:$O$151,'pivot tables'!$Q$3:$Q$151),Table2[[#This Row],[Pesticide(kg)]]) -> 139190.19 | R31: 2.654 | S31: =IF(Table2[[#This Row],[Yield]]="",IFERROR(Table2[[#This Row],[Production(Tones)]]/Table2[[#This Row],[Area(hectare)]],""),Table2[[#This Row],[Yield]]) -> 2.654 | T31: 25.658 | U31: =IF(Table2[[#This Row],[Avg_Temperature(°C)]]="",IFERROR((Table2[[#This Row],[Max_Temperature(°C)]]+Table2[[#This Row],[Min_Temperature(°C)]])/2,""),Table2[[#This Row],[Avg_Temperature(°C)]]) -> 25.658 | V31: 35.068 | W31: =IF(Table2[[#This Row],[Max_Temperature(°C)]]="",_xlfn.XLOOKUP(Table2[[#This Row],[State]],'pivot tables'!$T$2:$T$33,'pivot tables'!$V$2:$V$33),Table2[[#This Row],[Max_Temperature(°C)]]) -> 35.068 | X31: 16.714 | Y31: =IF(Table2[[#This Row],[Min_Temperature(°C)]]="",_xlfn.XLOOKUP(Table2[[#This Row],[State]],'pivot tables'!$T$2:$T$33,'pivot tables'!$W$2:$W$33),Table2[[#This Row],[Min_Temperature(°C)]]) -> 16.714
A32: Rice | B32: 2010 | C32: Rabi | D32: =PROPER(TRIM(Table2[[#This Row],[Season]])) -> Rabi | E32: =IF(Table2[[#This Row],[Season]]="",_xlfn.XLOOKUP(Table2[[#This Row],[State]],'pivot tables'!$F$3:$F$33,'pivot tables'!$G$3:$G$33),Table2[[#This Row],[Season]]) -> Rabi | F32: Karnataka | G32: 49700 | H32: =IF(Table2[[#This Row],[Area(hectare)]]="",IFERROR(Table2[[#This Row],[Production(Tones)]]/Table2[[#This Row],[Yield blanks]],""),Table2[[#This Row],[Area(hectare)]]) -> 49700 | I32: 117501 | J32: =IF(Table2[[#This Row],[Production(Tones)]]="",Table2[[#This Row],[Area Blanks]]*Table2[[#This Row],[Yield]],Table2[[#This Row],[Production(Tones)]]) -> 117501 | K32: 1317.7 | L32: =IF(Table2[[#This Row],[Annual_Rainfall(mm)]]="",_xlfn.XLOOKUP(Table2[[#This Row],[State]],'pivot tables'!$J$3:$J$32,'pivot tables'!$K$3:$K$32),Table2[[#This Row],[Annual_Rainfall(mm)]]) -> 1317.7 | M32: =Table2[[#This Row],[Crop]]&Table2[[#This Row],[State]] -> RiceKarnataka | N32: 8255667 | O32: =IF(Table2[[#This Row],[Fertilizer(kg)]]="",_xlfn.XLOOKUP(Table2[[#This Row],[crop&state]],'pivot tables'!$O$3:$O$151,'pivot tables'!$P$3:$P$151),Table2[[#This Row],[Fertilizer(kg)]]) -> 8255667 | P32: 11928 | Q32: =IF(Table2[[#This Row],[Pesticide(kg)]]="",_xlfn.XLOOKUP(Table2[[#This Row],[crop&state]],'pivot tables'!$O$3:$O$151,'pivot tables'!$Q$3:$Q$151),Table2[[#This Row],[Pesticide(kg)]]) -> 11928 | R32: 26.68 | S32: =IF(Table2[[#This Row],[Yield]]="",IFERROR(Table2[[#This Row],[Production(Tones)]]/Table2[[#This Row],[Area(hectare)]],""),Table2[[#This Row],[Yield]]) -> 26.68 | T32: 25.658 | U32: =IF(Table2[[#This Row],[Avg_Temperature(°C)]]="",IFERROR((Table2[[#This Row],[Max_Temperature(°C)]]+Table2[[#This Row],[Min_Temperature(°C)]])/2,""),Table2[[#This Row],[Avg_Temperature(°C)]]) -> 25.658 | V32: 35.07 | W32: =IF(Table2[[#This Row],[Max_Temperature(°C)]]="",_xlfn.XLOOKUP(Table2[[#This Row],[State]],'pivot tables'!$T$2:$T$33,'pivot tables'!$V$2:$V$33),Table2[[#This Row],[Max_Temperature(°C)]]) -> 35.07 | X32: 16.714 | Y32: =IF(Table2[[#This Row],[Min_Temperature(°C)]]="",_xlfn.XLOOKUP(Table2[[#This Row],[State]],'pivot tables'!$T$2:$T$33,'pivot tables'!$W$2:$W$33),Table2[[#This Row],[Min_Temperature(°C)]]) -> 16.714
A33: Rice | B33: 2010 | C33: Summer | D33: =PROPER(TRIM(Table2[[#This Row],[Season]])) -> Summer | E33: =IF(Table2[[#This Row],[Season]]="",_xlfn.XLOOKUP(Table2[[#This Row],[State]],'pivot tables'!$F$3:$F$33,'pivot tables'!$G$3:$G$33),Table2[[#This Row],[Season]]) -> Summer | F33: Karnataka | G33: 360062 | H33: =IF(Table2[[#This Row],[Area(hectare)]]="",IFERROR(Table2[[#This Row],[Production(Tones)]]/Table2[[#This Row],[Yield blanks]],""),Table2[[#This Row],[Area(hectare)]]) -> 360062 | I33: 1163725 | J33: =IF(Table2[[#This Row],[Production(Tones)]]="",Table2[[#This Row],[Area Blanks]]*Table2[[#This Row],[Yield]],Table2[[#This Row],[Production(Tones)]]) -> 1163725 | K33: 1317.7 | L33: =IF(Table2[[#This Row],[Annual_Rainfall(mm)]]="",_xlfn.XLOOKUP(Table2[[#This Row],[State]],'pivot tables'!$J$3:$J$32,'pivot tables'!$K$3:$K$32),Table2[[#This Row],[Annual_Rainfall(mm)]]) -> 1317.7 | M33: =Table2[[#This Row],[Crop]]&Table2[[#This Row],[State]] -> RiceKarnataka | N33: 59809899 | O33: =IF(Table2[[#This Row],[Fertilizer(kg)]]="",_xlfn.XLOOKUP(Table2[[#This Row],[crop&state]],'pivot tables'!$O$3:$O$151,'pivot tables'!$P$3:$P$151),Table2[[#This Row],[Fertilizer(kg)]]) -> 59809899 | P33: 86414.88 | Q33: =IF(Table2[[#This Row],[Pesticide(kg)]]="",_xlfn.XLOOKUP(Table2[[#This Row],[crop&state]],'pivot tables'!$O$3:$O$151,'pivot tables'!$Q$3:$Q$151),Table2[[#This Row],[Pesticide(kg)]]) -> 86414.88 | R33: 2.936 | S33: =IF(Table2[[#This Row],[Yield]]="",IFERROR(Table2[[#This Row],[Production(Tones)]]/Table2[[#This Row],[Area(hectare)]],""),Table2[[#This Row],[Yield]]) -> 2.936 | T33: 25.658 | U33: =IF(Table2[[#This Row],[Avg_Temperature(°C)]]="",IFERROR((Table2[[#This Row],[Max_Temperature(°C)]]+Table2[[#This Row],[Min_Temperature(°C)]])/2,""),Table2[[#This Row],[Avg_Temperature(°C)]]) -> 25.658 | W33: =IF(Table2[[#This Row],[Max_Temperature(°C)]]="",_xlfn.XLOOKUP(Table2[[#This Row],[State]],'pivot tables'!$T$2:$T$33,'pivot tables'!$V$2:$V$33),Table2[[#This Row],[Max_Temperature(°C)]]) -> 35.670389 | X33: 16.714 | Y33: =IF(Table2[[#This Row],[Min_Temperature(°C)]]="",_xlfn.XLOOKUP(Table2[[#This Row],[State]],'pivot tables'!$T$2:$T$33,'pivot tables'!$W$2:$W$33),Table2[[#This Row],[Min_Temperature(°C)]]) -> 16.714
A34: Sugarcane | B34: 2010 | C34: Whole Year | D34: =PROPER(TRIM(Table2[[#This Row],[Season]])) -> Whole Year | E34: =IF(Table2[[#This Row],[Season]]="",_xlfn.XLOOKUP(Table2[[#This Row],[State]],'pivot tables'!$F$3:$F$33,'pivot tables'!$G$3:$G$33),Table2[[#This Row],[Season]]) -> Whole Year | F34: Karnataka | G34: 436798 | H34: =IF(Table2[[#This Row],[Area(hectare)]]="",IFERROR(Table2[[#This Row],[Production(Tones)]]/Table2[[#This Row],[Yield blanks]],""),Table2[[#This Row],[Area(hectare)]]) -> 436798 | I34: 42276713 | J34: =IF(Table2[[#This Row],[Production(Tones)]]="",Table2[[#This Row],[Area Blanks]]*Table2[[#This Row],[Yield]],Table2[[#This Row],[Production(Tones)]]) -> 42276713 | K34: 1317.7 | L34: =IF(Table2[[#This Row],[Annual_Rainfall(mm)]]="",_xlfn.XLOOKUP(Table2[[#This Row],[State]],'pivot tables'!$J$3:$J$32,'pivot tables'!$K$3:$K$32),Table2[[#This Row],[Annual_Rainfall(mm)]]) -> 1317.7 | M34: =Table2[[#This Row],[Crop]]&Table2[[#This Row],[State]] -> SugarcaneKarnataka | N34: 72556516 | O34: =IF(Table2[[#This Row],[Fertilizer(kg)]]="",_xlfn.XLOOKUP(Table2[[#This Row],[crop&state]],'pivot tables'!$O$3:$O$151,'pivot tables'!$P$3:$P$151),Table2[[#This Row],[Fertilizer(kg)]]) -> 72556516 | P34: 104831.52 | Q34: =IF(Table2[[#This Row],[Pesticide(kg)]]="",_xlfn.XLOOKUP(Table2[[#This Row],[crop&state]],'pivot tables'!$O$3:$O$151,'pivot tables'!$Q$3:$Q$151),Table2[[#This Row],[Pesticide(kg)]]) -> 104831.52 | R34: 97.331 | S34: =IF(Table2[[#This Row],[Yield]]="",IFERROR(Table2[[#This Row],[Production(Tones)]]/Table2[[#This Row],[Area(hectare)]],""),Table2[[#This Row],[Yield]]) -> 97.331 | T34: 25.658 | U34: =IF(Table2[[#This Row],[Avg_Temperature(°C)]]="",IFERROR((Table2[[#This Row],[Max_Temperature(°C)]]+Table2[[#This Row],[Min_Temperature(°C)]])/2,""),Table2[[#This Row],[Avg_Temperature(°C)]]) -> 25.658 | V34: 35.068 | W34: =IF(Table2[[#This Row],[Max_Temperature(°C)]]="",_xlfn.XLOOKUP(Table2[[#This Row],[State]],'pivot tables'!$T$2:$T$33,'pivot tables'!$V$2:$V$33),Table2[[#This Row],[Max_Temperature(°C)]]) -> 35.068 | X34: 16.714 | Y34: =IF(Table2[[#This Row],[Min_Temperature(°C)]]="",_xlfn.XLOOKUP(Table2[[#This Row],[State]],'pivot tables'!$T$2:$T$33,'pivot tables'!$W$2:$W$33),Table2[[#This Row],[Min_Temperature(°C)]]) -> 16.714
A35: Sunflower | B35: 2010 | C35: Kharif | D35: =PROPER(TRIM(Table2[[#This Row],[Season]])) -> Kharif | E35: =IF(Table2[[#This Row],[Season]]="",_xlfn.XLOOKUP(Table2[[#This Row],[State]],'pivot tables'!$F$3:$F$33,'pivot tables'!$G$3:$G$33),Table2[[#This Row],[Season]]) -> Kharif | F35: Karnataka | G35: 193955 | H35: =IF(Table2[[#This Row],[Area(hectare)]]="",IFERROR(Table2[[#This Row],[Production(Tones)]]/Table2[[#This Row],[Yield blanks]],""),Table2[[#This Row],[Area(hectare)]]) -> 193955 | I35: 97869 | J35: =IF(Table2[[#This Row],[Production(Tones)]]="",Table2[[#This Row],[Area Blanks]]*Table2[[#This Row],[Yield]],Table2[[#This Row],[Production(Tones)]]) -> 97869 | K35: 1317.7 | L35: =IF(Table2[[#This Row],[Annual_Rainfall(mm)]]="",_xlfn.XLOOKUP(Table2[[#This Row],[State]],'pivot tables'!$J$3:$J$32,'pivot tables'!$K$3:$K$32),Table2[[#This Row],[Annual_Rainfall(mm)]]) -> 1317.7 | M35: =Table2[[#This Row],[Crop]]&Table2[[#This Row],[State]] -> SunflowerKarnataka | N35: 32217865 | O35: =IF(Table2[[#This Row],[Fertilizer(kg)]]="",_xlfn.XLOOKUP(Table2[[#This Row],[crop&state]],'pivot tables'!$O$3:$O$151,'pivot tables'!$P$3:$P$151),Table2[[#This Row],[Fertilizer(kg)]]) -> 32217865 | P35: 46549.2 | Q35: =IF(Table2[[#This Row],[Pesticide(kg)]]="",_xlfn.XLOOKUP(Table2[[#This Row],[crop&state]],'pivot tables'!$O$3:$O$151,'pivot tables'!$Q$3:$Q$151),Table2[[#This Row],[Pesticide(kg)]]) -> 46549.2 | R35: 0.57 | S35: =IF(Table2[[#This Row],[Yield]]="",IFERROR(Table2[[#This Row],[Production(Tones)]]/Table2[[#This Row],[Area(hectare)]],""),Table2[[#This Row],[Yield]]) -> 0.57 | T35: 25.658 | U35: =IF(Table2[[#This Row],[Avg_Temperature(°C)]]="",IFERROR((Table2[[#This Row],[Max_Temperature(°C)]]+Table2[[#This Row],[Min_Temperature(°C)]])/2,""),Table2[[#This Row],[Avg_Temperature(°C)]]) -> 25.658 | V35: 35.068 | W35: =IF(Table2[[#This Row],[Max_Temperature(°C)]]="",_xlfn.XLOOKUP(Table2[[#This Row],[State]],'pivot tables'!$T$2:$T$33,'pivot tables'!$V$2:$V$33),Table2[[#This Row],[Max_Temperature(°C)]]) -> 35.068 | X35: 16.714 | Y35: =IF(Table2[[#This Row],[Min_Temperature(°C)]]="",_xlfn.XLOOKUP(Table2[[#This Row],[State]],'pivot tables'!$T$2:$T$33,'pivot tables'!$W$2:$W$33),Table2[[#This Row],[Min_Temperature(°C)]]) -> 16.714
A36: Sunflower | B36: 2010 | C36: Rabi | D36: =PROPER(TRIM(Table2[[#This Row],[Season]])) -> Rabi | E36: =IF(Table2[[#This Row],[Season]]="",_xlfn.XLOOKUP(Table2[[#This Row],[State]],'pivot tables'!$F$3:$F$33,'pivot tables'!$G$3:$G$33),Table2[[#This Row],[Season]]) -> Rabi | F36: Karnataka | G36: 193178 | H36: =IF(Table2[[#This Row],[Area(hectare)]]="",IFERROR(Table2[[#This Row],[Production(Tones)]]/Table2[[#This Row],[Yield blanks]],""),Table2[[#This Row],[Area(hectare)]]) -> 193178 | I36: 98783 | J36: =IF(Table2[[#This Row],[Production(Tones)]]="",Table2[[#This Row],[Area Blanks]]*Table2[[#This Row],[Yield]],Table2[[#This Row],[Production(Tones)]]) -> 98783 | K36: 1317.7 | L36: =IF(Table2[[#This Row],[Annual_Rainfall(mm)]]="",_xlfn.XLOOKUP(Table2[[#This Row],[State]],'pivot tables'!$J$3:$J$32,'pivot tables'!$K$3:$K$32),Table2[[#This Row],[Annual_Rainfall(mm)]]) -> 1317.7 | M36: =Table2[[#This Row],[Crop]]&Table2[[#This Row],[State]] -> SunflowerKarnataka | N36: 32088798 | O36: =IF(Table2[[#This Row],[Fertilizer(kg)]]="",_xlfn.XLOOKUP(Table2[[#This Row],[crop&state]],'pivot tables'!$O$3:$O$151,'pivot tables'!$P$3:$P$151),Table2[[#This Row],[Fertilizer(kg)]]) -> 32088798 | P36: 46362.72 | Q36: =IF(Table2[[#This Row],[Pesticide(kg)]]="",_xlfn.XLOOKUP(Table2[[#This Row],[crop&state]],'pivot tables'!$O$3:$O$151,'pivot tables'!$Q$3:$Q$151),Table2[[#This Row],[Pesticide(kg)]]) -> 46362.72 | R36: 0.707 | S36: =IF(Table2[[#This Row],[Yield]]="",IFERROR(Table2[[#This Row],[Production(Tones)]]/Table2[[#This Row],[Area(hectare)]],""),Table2[[#This Row],[Yield]]) -> 0.707 | T36: 25.658 | U36: =IF(Table2[[#This Row],[Avg_Temperature(°C)]]="",IFERROR((Table2[[#This Row],[Max_Temperature(°C)]]+Table2[[#This Row],[Min_Temperature(°C)]])/2,""),Table2[[#This Row],[Avg_Temperature(°C)]]) -> 25.658 | V36: 35.068 | W36: =IF(Table2[[#This Row],[Max_Temperature(°C)]]="",_xlfn.XLOOKUP(Table2[[#This Row],[State]],'pivot tables'!$T$2:$T$33,'pivot tables'!$V$2:$V$33),Table2[[#This Row],[Max_Temperature(°C)]]) -> 35.068 | X36: 16.714 | Y36: =IF(Table2[[#This Row],[Min_Temperature(°C)]]="",_xlfn.XLOOKUP(Table2[[#This Row],[State]],'pivot tables'!$T$2:$T$33,'pivot tables'!$W$2:$W$33),Table2[[#This Row],[Min_Temperature(°C)]]) -> 16.714
A37: Sunflower | B37: 2010 | C37: Summer | D37: =PROPER(TRIM(Table2[[#This Row],[Season]])) -> Summer | E37: =IF(Table2[[#This Row],[Season]]="",_xlfn.XLOOKUP(Table2[[#This Row],[State]],'pivot tables'!$F$3:$F$33,'pivot tables'!$G$3:$G$33),Table2[[#This Row],[Season]]) -> Summer | F37: Karnataka | G37: 22120 | H37: =IF(Table2[[#This Row],[Area(hectare)]]="",IFERROR(Table2[[#This Row],[Production(Tones)]]/Table2[[#This Row],[Yield blanks]],""),Table2[[#This Row],[Area(hectare)]]) -> 22120 | I37: 22405 | J37: =IF(Table2[[#This Row],[Production(Tones)]]="",Table2[[#This Row],[Area Blanks]]*Table2[[#This Row],[Yield]],Table2[[#This Row],[Production(Tones)]]) -> 22405 | K37: 1317.7 | L37: =IF(Table2[[#This Row],[Annual_Rainfall(mm)]]="",_xlfn.XLOOKUP(Table2[[#This Row],[State]],'pivot tables'!$J$3:$J$32,'pivot tables'!$K$3:$K$32),Table2[[#This Row],[Annual_Rainfall(mm)]]) -> 1317.7 | M37: =Table2[[#This Row],[Crop]]&Table2[[#This Row],[State]] -> SunflowerKarnataka | N37: 3674353.2 | O37: =IF(Table2[[#This Row],[Fertilizer(kg)]]="",_xlfn.XLOOKUP(Table2[[#This Row],[crop&state]],'pivot tables'!$O$3:$O$151,'pivot tables'!$P$3:$P$151),Table2[[#This Row],[Fertilizer(kg)]]) -> 3674353.2 | P37: 5308.8 | Q37: =IF(Table2[[#This Row],[Pesticide(kg)]]="",_xlfn.XLOOKUP(Table2[[#This Row],[crop&state]],'pivot tables'!$O$3:$O$151,'pivot tables'!$Q$3:$Q$151),Table2[[#This Row],[Pesticide(kg)]]) -> 5308.8 | R37: 1.032 | S37: =IF(Table2[[#This Row],[Yield]]="",IFERROR(Table2[[#This Row],[Production(Tones)]]/Table2[[#This Row],[Area(hectare)]],""),Table2[[#This Row],[Yield]]) -> 1.032 | T37: 25.658 | U37: =IF(Table2[[#This Row],[Avg_Temperature(°C)]]="",IFERROR((Table2[[#This Row],[Max_Temperature(°C)]]+Table2[[#This Row],[Min_Temperature(°C)]])/2,""),Table2[[#This Row],[Avg_Temperature(°C)]]) -> 25.658 | V37: 35.068 | W37: =IF(Table2[[#This Row],[Max_Temperature(°C)]]="",_xlfn.XLOOKUP(Table2[[#This Row],[State]],'pivot tables'!$T$2:$T$33,'pivot tables'!$V$2:$V$33),Table2[[#This Row],[Max_Temperature(°C)]]) -> 35.068 | X37: 16.714 | Y37: =IF(Table2[[#This Row],[Min_Temperature(°C)]]="",_xlfn.XLOOKUP(Table2[[#This Row],[State]],'pivot tables'!$T$2:$T$33,'pivot tables'!$W$2:$W$33),Table2[[#This Row],[Min_Temperature(°C)]]) -> 16.714
A38: Urad | B38: 2010 | C38: Kharif | D38: =PROPER(TRIM(Table2[[#This Row],[Season]])) -> Kharif | E38: =IF(Table2[[#This Row],[Season]]="",_xlfn.XLOOKUP(Table2[[#This Row],[State]],'pivot tables'!$F$3:$F$33,'pivot tables'!$G$3:$G$33),Table2[[#This Row],[Season]]) -> Kharif | F38: Karnataka | G38: 118318 | H38: =IF(Table2[[#This Row],[Area(hectare)]]="",IFERROR(Table2[[#This Row],[Production(Tones)]]/Table2[[#This Row],[Yield blanks]],""),Table2[[#This Row],[Area(hectare)]]) -> 118318 | I38: 42990 | J38: =IF(Table2[[#This Row],[Production(Tones)]]="",Table2[[#This Row],[Area Blanks]]*Table2[[#This Row],[Yield]],Table2[[#This Row],[Production(Tones)]]) -> 42990 | K38: 1317.7 | L38: =IF(Table2[[#This Row],[Annual_Rainfall(mm)]]="",_xlfn.XLOOKUP(Table2[[#This Row],[State]],'pivot tables'!$J$3:$J$32,'pivot tables'!$K$3:$K$32),Table2[[#This Row],[Annual_Rainfall(mm)]]) -> 1317.7 | M38: =Table2[[#This Row],[Crop]]&Table2[[#This Row],[State]] -> UradKarnataka | N38: 19653803 | O38: =IF(Table2[[#This Row],[Fertilizer(kg)]]="",_xlfn.XLOOKUP(Table2[[#This Row],[crop&state]],'pivot tables'!$O$3:$O$151,'pivot tables'!$P$3:$P$151),Table2[[#This Row],[Fertilizer(kg)]]) -> 19653803 | P38: 28396.32 | Q38: =IF(Table2[[#This Row],[Pesticide(kg)]]="",_xlfn.XLOOKUP(Table2[[#This Row],[crop&state]],'pivot tables'!$O$3:$O$151,'pivot tables'!$Q$3:$Q$151),Table2[[#This Row],[Pesticide(kg)]]) -> 28396.32 | R38: 0.363 | S38: =IF(Table2[[#This Row],[Yield]]="",IFERROR(Table2[[#This Row],[Production(Tones)]]/Table2[[#This Row],[Area(hectare)]],""),Table2[[#This Row],[Yield]]) -> 0.363 | U38: =IF(Table2[[#This Row],[Avg_Temperature(°C)]]="",IFERROR((Table2[[#This Row],[Max_Temperature(°C)]]+Table2[[#This Row],[Min_Temperature(°C)]])/2,""),Table2[[#This Row],[Avg_Temperature(°C)]]) -> 25.891 | V38: 35.068 | W38: =IF(Table2[[#This Row],[Max_Temperature(°C)]]="",_xlfn.XLOOKUP(Table2[[#This Row],[State]],'pivot tables'!$T$2:$T$33,'pivot tables'!$V$2:$V$33),Table2[[#This Row],[Max_Temperature(°C)]]) -> 35.068 | X38: 16.714 | Y38: =IF(Table2[[#This Row],[Min_Temperature(°C)]]="",_xlfn.XLOOKUP(Table2[[#This Row],[State]],'pivot tables'!$T$2:$T$33,'pivot tables'!$W$2:$W$33),Table2[[#This Row],[Min_Temperature(°C)]]) -> 16.714
A39: Urad | B39: 2010 | C39: Rabi | D39: =PROPER(TRIM(Table2[[#This Row],[Season]])) -> Rabi | E39: =IF(Table2[[#This Row],[Season]]="",_xlfn.XLOOKUP(Table2[[#This Row],[State]],'pivot tables'!$F$3:$F$33,'pivot tables'!$G$3:$G$33),Table2[[#This Row],[Season]]) -> Rabi | F39: Karnataka | G39: 8727 | H39: =IF(Table2[[#This Row],[Area(hectare)]]="",IFERROR(Table2[[#This Row],[Production(Tones)]]/Table2[[#This Row],[Yield blanks]],""),Table2[[#This Row],[Area(hectare)]]) -> 8727 | I39: 4079 | J39: =IF(Table2[[#This Row],[Production(Tones)]]="",Table2[[#This Row],[Area Blanks]]*Table2[[#This Row],[Yield]],Table2[[#This Row],[Production(Tones)]]) -> 4079 | K39: 1317.7 | L39: =IF(Table2[[#This Row],[Annual_Rainfall(mm)]]="",_xlfn.XLOOKUP(Table2[[#This Row],[State]],'pivot tables'!$J$3:$J$32,'pivot tables'!$K$3:$K$32),Table2[[#This Row],[Annual_Rainfall(mm)]]) -> 1317.7 | M39: =Table2[[#This Row],[Crop]]&Table2[[#This Row],[State]] -> UradKarnataka | N39: 1449642 | O39: =IF(Table2[[#This Row],[Fertilizer(kg)]]="",_xlfn.XLOOKUP(Table2[[#This Row],[crop&state]],'pivot tables'!$O$3:$O$151,'pivot tables'!$P$3:$P$151),Table2[[#This Row],[Fertilizer(kg)]]) -> 1449642 | P39: 2094.48 | Q39: =IF(Table2[[#This Row],[Pesticide(kg)]]="",_xlfn.XLOOKUP(Table2[[#This Row],[crop&state]],'pivot tables'!$O$3:$O$151,'pivot tables'!$Q$3:$Q$151),Table2[[#This Row],[Pesticide(kg)]]) -> 2094.48 | S39: =IF(Table2[[#This Row],[Yield]]="",IFERROR(Table2[[#This Row],[Production(Tones)]]/Table2[[#This Row],[Area(hectare)]],""),Table2[[#This Row],[Yield]]) -> 0.46740002 | T39: 25.658 | U39: =IF(Table2[[#This Row],[Avg_Temperature(°C)]]="",IFERROR((Table2[[#This Row],[Max_Temperature(°C)]]+Table2[[#This Row],[Min_Temperature(°C)]])/2,""),Table2[[#This Row],[Avg_Temperature(°C)]]) -> 25.658 | V39: 35.068 | W39: =IF(Table2[[#This Row],[Max_Temperature(°C)]]="",_xlfn.XLOOKUP(Table2[[#This Row],[State]],'pivot tables'!$T$2:$T$33,'pivot tables'!$V$2:$V$33),Table2[[#This Row],[Max_Temperature(°C)]]) -> 35.068 | Y39: =IF(Table2[[#This Row],[Min_Temperature(°C)]]="",_xlfn.XLOOKUP(Table2[[#This Row],[State]],'pivot tables'!$T$2:$T$33,'pivot tables'!$W$2:$W$33),Table2[[#This Row],[Min_Temperature(°C)]]) -> 16.661878
A40: Wheat | B40: 2010 | C40: Rabi | D40: =PROPER(TRIM(Table2[[#This Row],[Season]])) -> Rabi | E40: =IF(Table2[[#This Row],[Season]]="",_xlfn.XLOOKUP(Table2[[#This Row],[State]],'pivot tables'!$F$3:$F$33,'pivot tables'!$G$3:$G$33),Table2[[#This Row],[Season]]) -> Rabi | F40: Karnataka | G40: 254755 | H40: =IF(Table2[[#This Row],[Area(hectare)]]="",IFERROR(Table2[[#This Row],[Production(Tones)]]/Table2[[#This Row],[Yield blanks]],""),Table2[[#This Row],[Area(hectare)]]) -> 254755 | I40: 300237 | J40: =IF(Table2[[#This Row],[Production(Tones)]]="",Table2[[#This Row],[Area Blanks]]*Table2[[#This Row],[Yield]],Table2[[#This Row],[Production(Tones)]]) -> 300237 | K40: 1317.7 | L40: =IF(Table2[[#This Row],[Annual_Rainfall(mm)]]="",_xlfn.XLOOKUP(Table2[[#This Row],[State]],'pivot tables'!$J$3:$J$32,'pivot tables'!$K$3:$K$32),Table2[[#This Row],[Annual_Rainfall(mm)]]) -> 1317.7 | M40: =Table2[[#This Row],[Crop]]&Table2[[#This Row],[State]] -> WheatKarnataka | N40: 42317353 | O40: =IF(Table2[[#This Row],[Fertilizer(kg)]]="",_xlfn.XLOOKUP(Table2[[#This Row],[crop&state]],'pivot tables'!$O$3:$O$151,'pivot tables'!$P$3:$P$151),Table2[[#This Row],[Fertilizer(kg)]]) -> 42317353 | Q40: =IF(Table2[[#This Row],[Pesticide(kg)]]="",_xlfn.XLOOKUP(Table2[[#This Row],[crop&state]],'pivot tables'!$O$3:$O$151,'pivot tables'!$Q$3:$Q$151),Table2[[#This Row],[Pesticide(kg)]]) -> 63845.544 | R40: 1.166 | S40: =IF(Table2[[#This Row],[Yield]]="",IFERROR(Table2[[#This Row],[Production(Tones)]]/Table2[[#This Row],[Area(hectare)]],""),Table2[[#This Row],[Yield]]) -> 1.166 | T40: 25.658 | U40: =IF(Table2[[#This Row],[Avg_Temperature(°C)]]="",IFERROR((Table2[[#This Row],[Max_Temperature(°C)]]+Table2[[#This Row],[Min_Temperature(°C)]])/2,""),Table2[[#This Row],[Avg_Temperature(°C)]]) -> 25.658 | V40: 35.068 | W40: =IF(Table2[[#This Row],[Max_Temperature(°C)]]="",_xlfn.XLOOKUP(Table2[[#This Row],[State]],'pivot tables'!$T$2:$T$33,'pivot tables'!$V$2:$V$33),Table2[[#This Row],[Max_Temperature(°C)]]) -> 35.068 | X40: 16.714 | Y40: =IF(Table2[[#This Row],[Min_Temperature(°C)]]="",_xlfn.XLOOKUP(Table2[[#This Row],[State]],'pivot tables'!$T$2:$T$33,'pivot tables'!$W$2:$W$33),Table2[[#This Row],[Min_Temperature(°C)]]) -> 16.714
A41: Rice | B41: 2010 | C41: Autumn | D41: =PROPER(TRIM(Table2[[#This Row],[Season]])) -> Autumn | E41: =IF(Table2[[#This Row],[Season]]="",_xlfn.XLOOKUP(Table2[[#This Row],[State]],'pivot tables'!$F$3:$F$33,'pivot tables'!$G$3:$G$33),Table2[[#This Row],[Season]]) -> Autumn | F41: Kerala | G41: 70498.28 | H41: =IF(Table2[[#This Row],[Area(hectare)]]="",IFERROR(Table2[[#This Row],[Production(Tones)]]/Table2[[#This Row],[Yield blanks]],""),Table2[[#This Row],[Area(hectare)]]) -> 70498.28 | I41: 170262 | J41: =IF(Table2[[#This Row],[Production(Tones)]]="",Table2[[#This Row],[Area Blanks]]*Table2[[#This Row],[Yield]],Table2[[#This Row],[Production(Tones)]]) -> 170262 | K41: 3131.8 | L41: =IF(Table2[[#This Row],[Annual_Rainfall(mm)]]="",_xlfn.XLOOKUP(Table2[[#This Row],[State]],'pivot tables'!$J$3:$J$32,'pivot tables'!$K$3:$K$32),Table2[[#This Row],[Annual_Rainfall(mm)]]) -> 3131.8 | M41: =Table2[[#This Row],[Crop]]&Table2[[#This Row],[State]] -> RiceKerala | N41: 11710469 | O41: =IF(Table2[[#This Row],[Fertilizer(kg)]]="",_xlfn.XLOOKUP(Table2[[#This Row],[crop&state]],'pivot tables'!$O$3:$O$151,'pivot tables'!$P$3:$P$151),Table2[[#This Row],[Fertilizer(kg)]]) -> 11710469 | P41: 16919.587 | Q41: =IF(Table2[[#This Row],[Pesticide(kg)]]="",_xlfn.XLOOKUP(Table2[[#This Row],[crop&state]],'pivot tables'!$O$3:$O$151,'pivot tables'!$Q$3:$Q$151),Table2[[#This Row],[Pesticide(kg)]]) -> 16919.587 | R41: 2.237 | S41: =IF(Table2[[#This Row],[Yield]]="",IFERROR(Table2[[#This Row],[Production(Tones)]]/Table2[[#This Row],[Area(hectare)]],""),Table2[[#This Row],[Yield]]) -> 2.237 | T41: 25.239 | U41: =IF(Table2[[#This Row],[Avg_Temperature(°C)]]="",IFERROR((Table2[[#This Row],[Max_Temperature(°C)]]+Table2[[#This Row],[Min_Temperature(°C)]])/2,""),Table2[[#This Row],[Avg_Temperature(°C)]]) -> 25.239 | V41: 32.523 | W41: =IF(Table2[[#This Row],[Max_Temperature(°C)]]="",_xlfn.XLOOKUP(Table2[[#This Row],[State]],'pivot tables'!$T$2:$T$33,'pivot tables'!$V$2:$V$33),Table2[[#This Row],[Max_Temperature(°C)]]) -> 32.523 | X41: 20.003 | Y41: =IF(Table2[[#This Row],[Min_Temperature(°C)]]="",_xlfn.XLOOKUP(Table2[[#This Row],[State]],'pivot tables'!$T$2:$T$33,'pivot tables'!$W$2:$W$33),Table2[[#This Row],[Min_Temperature(°C)]]) -> 20.003
A42: Rice | B42: 2010 | C42: Summer | D42: =PROPER(TRIM(Table2[[#This Row],[Season]])) -> Summer | E42: =IF(Table2[[#This Row],[Season]]="",_xlfn.XLOOKUP(Table2[[#This Row],[State]],'pivot tables'!$F$3:$F$33,'pivot tables'!$G$3:$G$33),Table2[[#This Row],[Season]]) -> Summer | F42: Kerala | G42: 51132.63 | H42: =IF(Table2[[#This Row],[Area(hectare)]]="",IFERROR(Table2[[#This Row],[Production(Tones)]]/Table2[[#This Row],[Yield blanks]],""),Table2[[#This Row],[Area(hectare)]]) -> 51132.63 | I42: 137465 | J42: =IF(Table2[[#This Row],[Production(Tones)]]="",Table2[[#This Row],[Area Blanks]]*Table2[[#This Row],[Yield]],Table2[[#This Row],[Production(Tones)]]) -> 137465 | K42: 3131.8 | L42: =IF(Table2[[#This Row],[Annual_Rainfall(mm)]]="",_xlfn.XLOOKUP(Table2[[#This Row],[State]],'pivot tables'!$J$3:$J$32,'pivot tables'!$K$3:$K$32),Table2[[#This Row],[Annual_Rainfall(mm)]]) -> 3131.8 | M42: =Table2[[#This Row],[Crop]]&Table2[[#This Row],[State]] -> RiceKerala | N42: 8493641.2 | O42: =IF(Table2[[#This Row],[Fertilizer(kg)]]="",_xlfn.XLOOKUP(Table2[[#This Row],[crop&state]],'pivot tables'!$O$3:$O$151,'pivot tables'!$P$3:$P$151),Table2[[#This Row],[Fertilizer(kg)]]) -> 8493641.2 | P42: 12271.831 | Q42: =IF(Table2[[#This Row],[Pesticide(kg)]]="",_xlfn.XLOOKUP(Table2[[#This Row],[crop&state]],'pivot tables'!$O$3:$O$151,'pivot tables'!$Q$3:$Q$151),Table2[[#This Row],[Pesticide(kg)]]) -> 12271.831 | R42: 2.48 | S42: =IF(Table2[[#This Row],[Yield]]="",IFERROR(Table2[[#This Row],[Production(Tones)]]/Table2[[#This Row],[Area(hectare)]],""),Table2[[#This Row],[Yield]]) -> 2.48 | T42: 25.239 | U42: =IF(Table2[[#This Row],[Avg_Temperature(°C)]]="",IFERROR((Table2[[#This Row],[Max_Temperature(°C)]]+Table2[[#This Row],[Min_Temperature(°C)]])/2,""),Table2[[#This Row],[Avg_Temperature(°C)]]) -> 25.239 | V42: 32.523 | W42: =IF(Table2[[#This Row],[Max_Temperature(°C)]]="",_xlfn.XLOOKUP(Table2[[#This Row],[State]],'pivot tables'!$T$2:$T$33,'pivot tables'!$V$2:$V$33),Table2[[#This Row],[Max_Temperature(°C)]]) -> 32.523 | X42: 20.003 | Y42: =IF(Table2[[#This Row],[Min_Temperature(°C)]]="",_xlfn.XLOOKUP(Table2[[#This Row],[State]],'pivot tables'!$T$2:$T$33,'pivot tables'!$W$2:$W$33),Table2[[#This Row],[Min_Temperature(°C)]]) -> 20.003
A43: Rice | B43: 2010 | C43: Winter | D43: =PROPER(TRIM(Table2[[#This Row],[Season]])) -> Winter | E43: =IF(Table2[[#This Row],[Season]]="",_xlfn.XLOOKUP(Table2[[#This Row],[State]],'pivot tables'!$F$3:$F$33,'pivot tables'!$G$3:$G$33),Table2[[#This Row],[Season]]) -> Winter | F43: Kerala | G43: 91555.59 | H43: =IF(Table2[[#This Row],[Area(hectare)]]="",IFERROR(Table2[[#This Row],[Production(Tones)]]/Table2[[#This Row],[Yield blanks]],""),Table2[[#This Row],[Area(hectare)]]) -> 91555.59 | I43: 215011 | J43: =IF(Table2[[#This Row],[Production(Tones)]]="",Table2[[#This Row],[Area Blanks]]*Table2[[#This Row],[Yield]],Table2[[#This Row],[Production(Tones)]]) -> 215011 | K43: 3131.8 | L43: =IF(Table2[[#This Row],[Annual_Rainfall(mm)]]="",_xlfn.XLOOKUP(Table2[[#This Row],[State]],'pivot tables'!$J$3:$J$32,'pivot tables'!$K$3:$K$32),Table2[[#This Row],[Annual_Rainfall(mm)]]) -> 3131.8 | M43: =Table2[[#This Row],[Crop]]&Table2[[#This Row],[State]] -> RiceKerala | N43: 15208299 | O43: =IF(Table2[[#This Row],[Fertilizer(kg)]]="",_xlfn.XLOOKUP(Table2[[#This Row],[crop&state]],'pivot tables'!$O$3:$O$151,'pivot tables'!$P$3:$P$151),Table2[[#This Row],[Fertilizer(kg)]]) -> 15208299 | P43: 21973.342 | Q43: =IF(Table2[[#This Row],[Pesticide(kg)]]="",_xlfn.XLOOKUP(Table2[[#This Row],[crop&state]],'pivot tables'!$O$3:$O$151,'pivot tables'!$Q$3:$Q$151),Table2[[#This Row],[Pesticide(kg)]]) -> 21973.342 | R43: 2.202 | S43: =IF(Table2[[#This Row],[Yield]]="",IFERROR(Table2[[#This Row],[Production(Tones)]]/Table2[[#This Row],[Area(hectare)]],""),Table2[[#This Row],[Yield]]) -> 2.202 | T43: 25.239 | U43: =IF(Table2[[#This Row],[Avg_Temperature(°C)]]="",IFERROR((Table2[[#This Row],[Max_Temperature(°C)]]+Table2[[#This Row],[Min_Temperature(°C)]])/2,""),Table2[[#This Row],[Avg_Temperature(°C)]]) -> 25.239 | V43: 32.523 | W43: =IF(Table2[[#This Row],[Max_Temperature(°C)]]="",_xlfn.XLOOKUP(Table2[[#This Row],[State]],'pivot tables'!$T$2:$T$33,'pivot tables'!$V$2:$V$33),Table2[[#This Row],[Max_Temperature(°C)]]) -> 32.523 | X43: 20.003 | Y43: =IF(Table2[[#This Row],[Min_Temperature(°C)]]="",_xlfn.XLOOKUP(Table2[[#This Row],[State]],'pivot tables'!$T$2:$T$33,'pivot tables'!$W$2:$W$33),Table2[[#This Row],[Min_Temperature(°C)]]) -> 20.003
A44: Sugarcane | B44: 2010 | C44: Whole Year | D44: =PROPER(TRIM(Table2[[#This Row],[Season]])) -> Whole Year | E44: =IF(Table2[[#This Row],[Season]]="",_xlfn.XLOOKUP(Table2[[#This Row],[State]],'pivot tables'!$F$3:$F$33,'pivot tables'!$G$3:$G$33),Table2[[#This Row],[Season]]) -> Whole Year | F44: Kerala | G44: 2844.91 | H44: =IF(Table2[[#This Row],[Area(hectare)]]="",IFERROR(Table2[[#This Row],[Production(Tones)]]/Table2[[#This Row],[Yield blanks]],""),Table2[[#This Row],[Area(hectare)]]) -> 2844.91 | I44: 271845 | J44: =IF(Table2[[#This Row],[Production(Tones)]]="",Table2[[#This Row],[Area Blanks]]*Table2[[#This Row],[Yield]],Table2[[#This Row],[Production(Tones)]]) -> 271845 | K44: 3131.8 | L44: =IF(Table2[[#This Row],[Annual_Rainfall(mm)]]="",_xlfn.XLOOKUP(Table2[[#This Row],[State]],'pivot tables'!$J$3:$J$32,'pivot tables'!$K$3:$K$32),Table2[[#This Row],[Annual_Rainfall(mm)]]) -> 3131.8 | M44: =Table2[[#This Row],[Crop]]&Table2[[#This Row],[State]] -> SugarcaneKerala | N44: 472568 | O44: =IF(Table2[[#This Row],[Fertilizer(kg)]]="",_xlfn.XLOOKUP(Table2[[#This Row],[crop&state]],'pivot tables'!$O$3:$O$151,'pivot tables'!$P$3:$P$151),Table2[[#This Row],[Fertilizer(kg)]]) -> 472568 | P44: 682.778 | Q44: =IF(Table2[[#This Row],[Pesticide(kg)]]="",_xlfn.XLOOKUP(Table2[[#This Row],[crop&state]],'pivot tables'!$O$3:$O$151,'pivot tables'!$Q$3:$Q$151),Table2[[#This Row],[Pesticide(kg)]]) -> 682.778 | R44: 41.517 | S44: =IF(Table2[[#This Row],[Yield]]="",IFERROR(Table2[[#This Row],[Production(Tones)]]/Table2[[#This Row],[Area(hectare)]],""),Table2[[#This Row],[Yield]]) -> 41.517 | T44: 25.239 | U44: =IF(Table2[[#This Row],[Avg_Temperature(°C)]]="",IFERROR((Table2[[#This Row],[Max_Temperature(°C)]]+Table2[[#This Row],[Min_Temperature(°C)]])/2,""),Table2[[#This Row],[Avg_Temperature(°C)]]) -> 25.239 | V44: 32.523 | W44: =IF(Table2[[#This Row],[Max_Temperature(°C)]]="",_xlfn.XLOOKUP(Table2[[#This Row],[State]],'pivot tables'!$T$2:$T$33,'pivot tables'!$V$2:$V$33),Table2[[#This Row],[Max_Temperature(°C)]]) -> 32.523 | X44: 20.003 | Y44: =IF(Table2[[#This Row],[Min_Temperature(°C)]]="",_xlfn.XLOOKUP(Table2[[#This Row],[State]],'pivot tables'!$T$2:$T$33,'pivot tables'!$W$2:$W$33),Table2[[#This Row],[Min_Temperature(°C)]]) -> 20.003
A45: Rice | B45: 2010 | C45: Autumn | D45: =PROPER(TRIM(Table2[[#This Row],[Season]])) -> Autumn | E45: =IF(Table2[[#This Row],[Season]]="",_xlfn.XLOOKUP(Table2[[#This Row],[State]],'pivot tables'!$F$3:$F$33,'pivot tables'!$G$3:$G$33),Table2[[#This Row],[Season]]) -> Autumn | F45: Meghalaya | G45: 32596 | H45: =IF(Table2[[#This Row],[Area(hectare)]]="",IFERROR(Table2[[#This Row],[Production(Tones)]]/Table2[[#This Row],[Yield blanks]],""),Table2[[#This Row],[Area(hectare)]]) -> 32596 | I45: 42492 | J45: =IF(Table2[[#This Row],[Production(Tones)]]="",Table2[[#This Row],[Area Blanks]]*Table2[[#This Row],[Yield]],Table2[[#This Row],[Production(Tones)]]) -> 42492 | K45: 3119.7 | L45: =IF(Table2[[#This Row],[Annual_Rainfall(mm)]]="",_xlfn.XLOOKUP(Table2[[#This Row],[State]],'pivot tables'!$J$3:$J$32,'pivot tables'!$K$3:$K$32),Table2[[#This Row],[Annual_Rainfall(mm)]]) -> 3119.7 | M45: =Table2[[#This Row],[Crop]]&Table2[[#This Row],[State]] -> RiceMeghalaya | N45: 5414521.6 | O45: =IF(Table2[[#This Row],[Fertilizer(kg)]]="",_xlfn.XLOOKUP(Table2[[#This Row],[crop&state]],'pivot tables'!$O$3:$O$151,'pivot tables'!$P$3:$P$151),Table2[[#This Row],[Fertilizer(kg)]]) -> 5414521.6 | P45: 7823.04 | Q45: =IF(Table2[[#This Row],[Pesticide(kg)]]="",_xlfn.XLOOKUP(Table2[[#This Row],[crop&state]],'pivot tables'!$O$3:$O$151,'pivot tables'!$Q$3:$Q$151),Table2[[#This Row],[Pesticide(kg)]]) -> 7823.04 | R45: 1.53 | S45: =IF(Table2[[#This Row],[Yield]]="",IFERROR(Table2[[#This Row],[Production(Tones)]]/Table2[[#This Row],[Area(hectare)]],""),Table2[[#This Row],[Yield]]) -> 1.53 | T45: 19.235 | U45: =IF(Table2[[#This Row],[Avg_Temperature(°C)]]="",IFERROR((Table2[[#This Row],[Max_Temperature(°C)]]+Table2[[#This Row],[Min_Temperature(°C)]])/2,""),Table2[[#This Row],[Avg_Temperature(°C)]]) -> 19.235 | V45: 26.452 | W45: =IF(Table2[[#This Row],[Max_Temperature(°C)]]="",_xlfn.XLOOKUP(Table2[[#This Row],[State]],'pivot tables'!$T$2:$T$33,'pivot tables'!$V$2:$V$33),Table2[[#This Row],[Max_Temperature(°C)]]) -> 26.452 | X45: 11.877 | Y45: =IF(Table2[[#This Row],[Min_Temperature(°C)]]="",_xlfn.XLOOKUP(Table2[[#This Row],[State]],'pivot tables'!$T$2:$T$33,'pivot tables'!$W$2:$W$33),Table2[[#This Row],[Min_Temperature(°C)]]) -> 11.877
A46: Rice | B46: 2010 | C46: Rabi | D46: =PROPER(TRIM(Table2[[#This Row],[Season]])) -> Rabi | E46: =IF(Table2[[#This Row],[Season]]="",_xlfn.XLOOKUP(Table2[[#This Row],[State]],'pivot tables'!$F$3:$F$33,'pivot tables'!$G$3:$G$33),Table2[[#This Row],[Season]]) -> Rabi | F46: Meghalaya | G46: 12797 | H46: =IF(Table2[[#This Row],[Area(hectare)]]="",IFERROR(Table2[[#This Row],[Production(Tones)]]/Table2[[#This Row],[Yield blanks]],""),Table2[[#This Row],[Area(hectare)]]) -> 12797 | I46: 47413 | J46: =IF(Table2[[#This Row],[Production(Tones)]]="",Table2[[#This Row],[Area Blanks]]*Table2[[#This Row],[Yield]],Table2[[#This Row],[Production(Tones)]]) -> 47413 | K46: 3119.7 | L46: =IF(Table2[[#This Row],[Annual_Rainfall(mm)]]="",_xlfn.XLOOKUP(Table2[[#This Row],[State]],'pivot tables'!$J$3:$J$32,'pivot tables'!$K$3:$K$32),Table2[[#This Row],[Annual_Rainfall(mm)]]) -> 3119.7 | M46: =Table2[[#This Row],[Crop]]&Table2[[#This Row],[State]] -> RiceMeghalaya | N46: 2125709.7 | O46: =IF(Table2[[#This Row],[Fertilizer(kg)]]="",_xlfn.XLOOKUP(Table2[[#This Row],[crop&state]],'pivot tables'!$O$3:$O$151,'pivot tables'!$P$3:$P$151),Table2[[#This Row],[Fertilizer(kg)]]) -> 2125709.7 | P46: 3071.28 | Q46: =IF(Table2[[#This Row],[Pesticide(kg)]]="",_xlfn.XLOOKUP(Table2[[#This Row],[crop&state]],'pivot tables'!$O$3:$O$151,'pivot tables'!$Q$3:$Q$151),Table2[[#This Row],[Pesticide(kg)]]) -> 3071.28 | R46: 2.077 | S46: =IF(Table2[[#This Row],[Yield]]="",IFERROR(Table2[[#This Row],[Production(Tones)]]/Table2[[#This Row],[Area(hectare)]],""),Table2[[#This Row],[Yield]]) -> 2.077 | T46: 19.235 | U46: =IF(Table2[[#This Row],[Avg_Temperature(°C)]]="",IFERROR((Table2[[#This Row],[Max_Temperature(°C)]]+Table2[[#This Row],[Min_Temperature(°C)]])/2,""),Table2[[#This Row],[Avg_Temperature(°C)]]) -> 19.235 | V46: 26.452 | W46: =IF(Table2[[#This Row],[Max_Temperature(°C)]]="",_xlfn.XLOOKUP(Table2[[#This Row],[State]],'pivot tables'!$T$2:$T$33,'pivot tables'!$V$2:$V$33),Table2[[#This Row],[Max_Temperature(°C)]]) -> 26.452 | X46: 11.877 | Y46: =IF(Table2[[#This Row],[Min_Temperature(°C)]]="",_xlfn.XLOOKUP(Table2[[#This Row],[State]],'pivot tables'!$T$2:$T$33,'pivot tables'!$W$2:$W$33),Table2[[#This Row],[Min_Temperature(°C)]]) -> 11.877
A47: Rice | B47: 2010 | C47: Winter | D47: =PROPER(TRIM(Table2[[#This Row],[Season]])) -> Winter | E47: =IF(Table2[[#This Row],[Season]]="",_xlfn.XLOOKUP(Table2[[#This Row],[State]],'pivot tables'!$F$3:$F$33,'pivot tables'!$G$3:$G$33),Table2[[#This Row],[Season]]) -> Winter | F47: Meghalaya | G47: 62892 | H47: =IF(Table2[[#This Row],[Area(hectare)]]="",IFERROR(Table2[[#This Row],[Production(Tones)]]/Table2[[#This Row],[Yield blanks]],""),Table2[[#This Row],[Area(hectare)]]) -> 62892 | I47: 117116 | J47: =IF(Table2[[#This Row],[Production(Tones)]]="",Table2[[#This Row],[Area Blanks]]*Table2[[#This Row],[Yield]],Table2[[#This Row],[Production(Tones)]]) -> 117116 | K47: 3119.7 | L47: =IF(Table2[[#This Row],[Annual_Rainfall(mm)]]="",_xlfn.XLOOKUP(Table2[[#This Row],[State]],'pivot tables'!$J$3:$J$32,'pivot tables'!$K$3:$K$32),Table2[[#This Row],[Annual_Rainfall(mm)]]) -> 3119.7 | M47: =Table2[[#This Row],[Crop]]&Table2[[#This Row],[State]] -> RiceMeghalaya | N47: 10446990 | O47: =IF(Table2[[#This Row],[Fertilizer(kg)]]="",_xlfn.XLOOKUP(Table2[[#This Row],[crop&state]],'pivot tables'!$O$3:$O$151,'pivot tables'!$P$3:$P$151),Table2[[#This Row],[Fertilizer(kg)]]) -> 10446990 | P47: 15094.08 | Q47: =IF(Table2[[#This Row],[Pesticide(kg)]]="",_xlfn.XLOOKUP(Table2[[#This Row],[crop&state]],'pivot tables'!$O$3:$O$151,'pivot tables'!$Q$3:$Q$151),Table2[[#This Row],[Pesticide(kg)]]) -> 15094.08 | R47: 1.829 | S47: =IF(Table2[[#This Row],[Yield]]="",IFERROR(Table2[[#This Row],[Production(Tones)]]/Table2[[#This Row],[Area(hectare)]],""),Table2[[#This Row],[Yield]]) -> 1.829 | T47: 19.235 | U47: =IF(Table2[[#This Row],[Avg_Temperature(°C)]]="",IFERROR((Table2[[#This Row],[Max_Temperature(°C)]]+Table2[[#This Row],[Min_Temperature(°C)]])/2,""),Table2[[#This Row],[Avg_Temperature(°C)]]) -> 19.235 | V47: 26.452 | W47: =IF(Table2[[#This Row],[Max_Temperature(°C)]]="",_xlfn.XLOOKUP(Table2[[#This Row],[State]],'pivot tables'!$T$2:$T$33,'pivot tables'!$V$2:$V$33),Table2[[#This Row],[Max_Temperature(°C)]]) -> 26.452 | X47: 11.877 | Y47: =IF(Table2[[#This Row],[Min_Temperature(°C)]]="",_xlfn.XLOOKUP(Table2[[#This Row],[State]],'pivot tables'!$T$2:$T$33,'pivot tables'!$W$2:$W$33),Table2[[#This Row],[Min_Temperature(°C)]]) -> 11.877
A48: Sugarcane | B48: 2010 | C48: Whole Year | D48: =PROPER(TRIM(Table2[[#This Row],[Season]])) -> Whole Year | E48: =IF(Table2[[#This Row],[Season]]="",_xlfn.XLOOKUP(Table2[[#This Row],[State]],'pivot tables'!$F$3:$F$33,'pivot tables'!$G$3:$G$33),Table2[[#This Row],[Season]]) -> Whole Year | F48: Meghalaya | G48: 68 | H48: =IF(Table2[[#This Row],[Area(hectare)]]="",IFERROR(Table2[[#This Row],[Production(Tones)]]/Table2[[#This Row],[Yield blanks]],""),Table2[[#This Row],[Area(hectare)]]) -> 68 | I48: 180 | J48: =IF(Table2[[#This Row],[Production(Tones)]]="",Table2[[#This Row],[Area Blanks]]*Table2[[#This Row],[Yield]],Table2[[#This Row],[Production(Tones)]]) -> 180 | K48: 3119.7 | L48: =IF(Table2[[#This Row],[Annual_Rainfall(mm)]]="",_xlfn.XLOOKUP(Table2[[#This Row],[State]],'pivot tables'!$J$3:$J$32,'pivot tables'!$K$3:$K$32),Table2[[#This Row],[Annual_Rainfall(mm)]]) -> 3119.7 | M48: =Table2[[#This Row],[Crop]]&Table2[[#This Row],[State]] -> SugarcaneMeghalaya | N48: 11295.48 | O48: =IF(Table2[[#This Row],[Fertilizer(kg)]]="",_xlfn.XLOOKUP(Table2[[#This Row],[crop&state]],'pivot tables'!$O$3:$O$151,'pivot tables'!$P$3:$P$151),Table2[[#This Row],[Fertilizer(kg)]]) -> 11295.48 | P48: 16.32 | Q48: =IF(Table2[[#This Row],[Pesticide(kg)]]="",_xlfn.XLOOKUP(Table2[[#This Row],[crop&state]],'pivot tables'!$O$3:$O$151,'pivot tables'!$Q$3:$Q$151),Table2[[#This Row],[Pesticide(kg)]]) -> 16.32 | R48: 2.35 | S48: =IF(Table2[[#This Row],[Yield]]="",IFERROR(Table2[[#This Row],[Production(Tones)]]/Table2[[#This Row],[Area(hectare)]],""),Table2[[#This Row],[Yield]]) -> 2.35 | T48: 19.235 | U48: =IF(Table2[[#This Row],[Avg_Temperature(°C)]]="",IFERROR((Table2[[#This Row],[Max_Temperature(°C)]]+Table2[[#This Row],[Min_Temperature(°C)]])/2,""),Table2[[#This Row],[Avg_Temperature(°C)]]) -> 19.235 | V48: 26.452 | W48: =IF(Table2[[#This Row],[Max_Temperature(°C)]]="",_xlfn.XLOOKUP(Table2[[#This Row],[State]],'pivot tables'!$T$2:$T$33,'pivot tables'!$V$2:$V$33),Table2[[#This Row],[Max_Temperature(°C)]]) -> 26.452 | X48: 11.877 | Y48: =IF(Table2[[#This Row],[Min_Temperature(°C)]]="",_xlfn.XLOOKUP(Table2[[#This Row],[State]],'pivot tables'!$T$2:$T$33,'pivot tables'!$W$2:$W$33),Table2[[#This Row],[Min_Temperature(°C)]]) -> 11.877
A49: Wheat | B49: 2010 | C49: Rabi | D49: =PROPER(TRIM(Table2[[#This Row],[Season]])) -> Rabi | E49: =IF(Table2[[#This Row],[Season]]="",_xlfn.XLOOKUP(Table2[[#This Row],[State]],'pivot tables'!$F$3:$F$33,'pivot tables'!$G$3:$G$33),Table2[[#This Row],[Season]]) -> Rabi | F49: Meghalaya | G49: 393 | H49: =IF(Table2[[#This Row],[Area(hectare)]]="",IFERROR(Table2[[#This Row],[Production(Tones)]]/Table2[[#This Row],[Yield blanks]],""),Table2[[#This Row],[Area(hectare)]]) -> 393 | I49: 704 | J49: =IF(Table2[[#This Row],[Production(Tones)]]="",Table2[[#This Row],[Area Blanks]]*Table2[[#This Row],[Yield]],Table2[[#This Row],[Production(Tones)]]) -> 704 | K49: 3119.7 | L49: =IF(Table2[[#This Row],[Annual_Rainfall(mm)]]="",_xlfn.XLOOKUP(Table2[[#This Row],[State]],'pivot tables'!$J$3:$J$32,'pivot tables'!$K$3:$K$32),Table2[[#This Row],[Annual_Rainfall(mm)]]) -> 3119.7 | M49: =Table2[[#This Row],[Crop]]&Table2[[#This Row],[State]] -> WheatMeghalaya | N49: 65281.23 | O49: =IF(Table2[[#This Row],[Fertilizer(kg)]]="",_xlfn.XLOOKUP(Table2[[#This Row],[crop&state]],'pivot tables'!$O$3:$O$151,'pivot tables'!$P$3:$P$151),Table2[[#This Row],[Fertilizer(kg)]]) -> 65281.23 | P49: 94.32 | Q49: =IF(Table2[[#This Row],[Pesticide(kg)]]="",_xlfn.XLOOKUP(Table2[[#This Row],[crop&state]],'pivot tables'!$O$3:$O$151,'pivot tables'!$Q$3:$Q$151),Table2[[#This Row],[Pesticide(kg)]]) -> 94.32 | R49: 1.248 | S49: =IF(Table2[[#This Row],[Yield]]="",IFERROR(Table2[[#This Row],[Production(Tones)]]/Table2[[#This Row],[Area(hectare)]],""),Table2[[#This Row],[Yield]]) -> 1.248 | T49: 19.235 | U49: =IF(Table2[[#This Row],[Avg_Temperature(°C)]]="",IFERROR((Table2[[#This Row],[Max_Temperature(°C)]]+Table2[[#This Row],[Min_Temperature(°C)]])/2,""),Table2[[#This Row],[Avg_Temperature(°C)]]) -> 19.235 | V49: 26.452 | W49: =IF(Table2[[#This Row],[Max_Temperature(°C)]]="",_xlfn.XLOOKUP(Table2[[#This Row],[State]],'pivot tables'!$T$2:$T$33,'pivot tables'!$V$2:$V$33),Table2[[#This Row],[Max_Temperature(°C)]]) -> 26.452 | X49: 11.877 | Y49: =IF(Table2[[#This Row],[Min_Temperature(°C)]]="",_xlfn.XLOOKUP(Table2[[#This Row],[State]],'pivot tables'!$T$2:$T$33,'pivot tables'!$W$2:$W$33),Table2[[#This Row],[Min_Temperature(°C)]]) -> 11.877
A50: Ragi | B50: 2011 | C50: Kharif | D50: =PROPER(TRIM(Table2[[#This Row],[Season]])) -> Kharif | E50: =IF(Table2[[#This Row],[Season]]="",_xlfn.XLOOKUP(Table2[[#This Row],[State]],'pivot tables'!$F$3:$F$33,'pivot tables'!$G$3:$G$33),Table2[[#This Row],[Season]]) -> Kharif | F50: Puducherry | H50: =IF(Table2[[#This Row],[Area(hectare)]]="",IFERROR(Table2[[#This Row],[Production(Tones)]]/Table2[[#This Row],[Yield blanks]],""),Table2[[#This Row],[Area(hectare)]]) -> 12 | I50: 33 | J50: =IF(Table2[[#This Row],[Production(Tones)]]="",Table2[[#This Row],[Area Blanks]]*Table2[[#This Row],[Yield]],Table2[[#This Row],[Production(Tones)]]) -> 33 | K50: 1434.588 | L50: =IF(Table2[[#This Row],[Annual_Rainfall(mm)]]="",_xlfn.XLOOKUP(Table2[[#This Row],[State]],'pivot tables'!$J$3:$J$32,'pivot tables'!$K$3:$K$32),Table2[[#This Row],[Annual_Rainfall(mm)]]) -> 1434.588 | M50: =Table2[[#This Row],[Crop]]&Table2[[#This Row],[State]] -> RagiPuducherry | N50: 2010.24 | O50: =IF(Table2[[#This Row],[Fertilizer(kg)]]="",_xlfn.XLOOKUP(Table2[[#This Row],[crop&state]],'pivot tables'!$O$3:$O$151,'pivot tables'!$P$3:$P$151),Table2[[#This Row],[Fertilizer(kg)]]) -> 2010.24 | P50: 3.96 | Q50: =IF(Table2[[#This Row],[Pesticide(kg)]]="",_xlfn.XLOOKUP(Table2[[#This Row],[crop&state]],'pivot tables'!$O$3:$O$151,'pivot tables'!$Q$3:$Q$151),Table2[[#This Row],[Pesticide(kg)]]) -> 3.96 | R50: 2.75 | S50: =IF(Table2[[#This Row],[Yield]]="",IFERROR(Table2[[#This Row],[Production(Tones)]]/Table2[[#This Row],[Area(hectare)]],""),Table2[[#This Row],[Yield]]) -> 2.75 | T50: 27.938 | U50: =IF(Table2[[#This Row],[Avg_Temperature(°C)]]="",IFERROR((Table2[[#This Row],[Max_Temperature(°C)]]+Table2[[#This Row],[Min_Temperature(°C)]])/2,""),Table2[[#This Row],[Avg_Temperature(°C)]]) -> 27.938 | V50: 32.262 | W50: =IF(Table2[[#This Row],[Max_Temperature(°C)]]="",_xlfn.XLOOKUP(Table2[[#This Row],[State]],'pivot tables'!$T$2:$T$33,'pivot tables'!$V$2:$V$33),Table2[[#This Row],[Max_Temperature(°C)]]) -> 32.262 | Y50: =IF(Table2[[#This Row],[Min_Temperature(°C)]]="",_xlfn.XLOOKUP(Table2[[#This Row],[State]],'pivot tables'!$T$2:$T$33,'pivot tables'!$W$2:$W$33),Table2[[#This Row],[Min_Temperature(°C)]]) -> 24.39863
A51: Ragi | B51: 2011 | C51: Summer | D51: =PROPER(TRIM(Table2[[#This Row],[Season]])) -> Summer | E51: =IF(Table2[[#This Row],[Season]]="",_xlfn.XLOOKUP(Table2[[#This Row],[State]],'pivot tables'!$F$3:$F$33,'pivot tables'!$G$3:$G$33),Table2[[#This Row],[Season]]) -> Summer | F51: Puducherry | G51: 10 | H51: =IF(Table2[[#This Row],[Area(hectare)]]="",IFERROR(Table2[[#This Row],[Production(Tones)]]/Table2[[#This Row],[Yield blanks]],""),Table2[[#This Row],[Area(hectare)]]) -> 10 | I51: 25 | J51: =IF(Table2[[#This Row],[Production(Tones)]]="",Table2[[#This Row],[Area Blanks]]*Table2[[#This Row],[Yield]],Table2[[#This Row],[Production(Tones)]]) -> 25 | K51: 1434.588 | L51: =IF(Table2[[#This Row],[Annual_Rainfall(mm)]]="",_xlfn.XLOOKUP(Table2[[#This Row],[State]],'pivot tables'!$J$3:$J$32,'pivot tables'!$K$3:$K$32),Table2[[#This Row],[Annual_Rainfall(mm)]]) -> 1434.588 | M51: =Table2[[#This Row],[Crop]]&Table2[[#This Row],[State]] -> RagiPuducherry | N51: 1675.2 | O51: =IF(Table2[[#This Row],[Fertilizer(kg)]]="",_xlfn.XLOOKUP(Table2[[#This Row],[crop&state]],'pivot tables'!$O$3:$O$151,'pivot tables'!$P$3:$P$151),Table2[[#This Row],[Fertilizer(kg)]]) -> 1675.2 | P51: 3.3 | Q51: =IF(Table2[[#This Row],[Pesticide(kg)]]="",_xlfn.XLOOKUP(Table2[[#This Row],[crop&state]],'pivot tables'!$O$3:$O$151,'pivot tables'!$Q$3:$Q$151),Table2[[#This Row],[Pesticide(kg)]]) -> 3.3 | R51: 2.5 | S51: =IF(Table2[[#This Row],[Yield]]="",IFERROR(Table2[[#This Row],[Production(Tones)]]/Table2[[#This Row],[Area(hectare)]],""),Table2[[#This Row],[Yield]]) -> 2.5 | T51: 27.938 | U51: =IF(Table2[[#This Row],[Avg_Temperature(°C)]]="",IFERROR((Table2[[#This Row],[Max_Temperature(°C)]]+Table2[[#This Row],[Min_Temperature(°C)]])/2,""),Table2[[#This Row],[Avg_Temperature(°C)]]) -> 27.938 | V51: 32.262 | W51: =IF(Table2[[#This Row],[Max_Temperature(°C)]]="",_xlfn.XLOOKUP(Table2[[#This Row],[State]],'pivot tables'!$T$2:$T$33,'pivot tables'!$V$2:$V$33),Table2[[#This Row],[Max_Temperature(°C)]]) -> 32.262 | Y51: =IF(Table2[[#This Row],[Min_Temperature(°C)]]="",_xlfn.XLOOKUP(Table2[[#This Row],[State]],'pivot tables'!$T$2:$T$33,'pivot tables'!$W$2:$W$33),Table2[[#This Row],[Min_Temperature(°C)]]) -> 24.39863
A52: Rice | B52: 2011 | C52: Kharif | D52: =PROPER(TRIM(Table2[[#This Row],[Season]])) -> Kharif | E52: =IF(Table2[[#This Row],[Season]]="",_xlfn.XLOOKUP(Table2[[#This Row],[State]],'pivot tables'!$F$3:$F$33,'pivot tables'!$G$3:$G$33),Table2[[#This Row],[Season]]) -> Kharif | F52: Puducherry | G52: 4237 | H52: =IF(Table2[[#This Row],[Area(hectare)]]="",IFERROR(Table2[[#This Row],[Production(Tones)]]/Table2[[#This Row],[Yield blanks]],""),Table2[[#This Row],[Area(hectare)]]) -> 4237 | I52: 12794 | J52: =IF(Table2[[#This Row],[Production(Tones)]]="",Table2[[#This Row],[Area Blanks]]*Table2[[#This Row],[Yield]],Table2[[#This Row],[Production(Tones)]]) -> 12794 | K52: 1434.588 | L52: =IF(Table2[[#This Row],[Annual_Rainfall(mm)]]="",_xlfn.XLOOKUP(Table2[[#This Row],[State]],'pivot tables'!$J$3:$J$32,'pivot tables'!$K$3:$K$32),Table2[[#This Row],[Annual_Rainfall(mm)]]) -> 1434.588 | M52: =Table2[[#This Row],[Crop]]&Table2[[#This Row],[State]] -> RicePuducherry | N52: 709782.24 | O52: =IF(Table2[[#This Row],[Fertilizer(kg)]]="",_xlfn.XLOOKUP(Table2[[#This Row],[crop&state]],'pivot tables'!$O$3:$O$151,'pivot tables'!$P$3:$P$151),Table2[[#This Row],[Fertilizer(kg)]]) -> 709782.24 | P52: 1398.21 | Q52: =IF(Table2[[#This Row],[Pesticide(kg)]]="",_xlfn.XLOOKUP(Table2[[#This Row],[crop&state]],'pivot tables'!$O$3:$O$151,'pivot tables'!$Q$3:$Q$151),Table2[[#This Row],[Pesticide(kg)]]) -> 1398.21 | R52: 3.047 | S52: =IF(Table2[[#This Row],[Yield]]="",IFERROR(Table2[[#This Row],[Production(Tones)]]/Table2[[#This Row],[Area(hectare)]],""),Table2[[#This Row],[Yield]]) -> 3.047 | T52: 27.938 | U52: =IF(Table2[[#This Row],[Avg_Temperature(°C)]]="",IFERROR((Table2[[#This Row],[Max_Temperature(°C)]]+Table2[[#This Row],[Min_Temperature(°C)]])/2,""),Table2[[#This Row],[Avg_Temperature(°C)]]) -> 27.938 | V52: 32.262 | W52: =IF(Table2[[#This Row],[Max_Temperature(°C)]]="",_xlfn.XLOOKUP(Table2[[#This Row],[State]],'pivot tables'!$T$2:$T$33,'pivot tables'!$V$2:$V$33),Table2[[#This Row],[Max_Temperature(°C)]]) -> 32.262 | X52: 23.946 | Y52: =IF(Table2[[#This Row],[Min_Temperature(°C)]]="",_xlfn.XLOOKUP(Table2[[#This Row],[State]],'pivot tables'!$T$2:$T$33,'pivot tables'!$W$2:$W$33),Table2[[#This Row],[Min_Temperature(°C)]]) -> 23.946
A53: Rice | B53: 2011 | C53: Rabi | D53: =PROPER(TRIM(Table2[[#This Row],[Season]])) -> Rabi | E53: =IF(Table2[[#This Row],[Season]]="",_xlfn.XLOOKUP(Table2[[#This Row],[State]],'pivot tables'!$F$3:$F$33,'pivot tables'!$G$3:$G$33),Table2[[#This Row],[Season]]) -> Rabi | F53: Puducherry | G53: 10324 | H53: =IF(Table2[[#This Row],[Area(hectare)]]="",IFERROR(Table2[[#This Row],[Production(Tones)]]/Table2[[#This Row],[Yield blanks]],""),Table2[[#This Row],[Area(hectare)]]) -> 10324 | I53: 23489 | J53: =IF(Table2[[#This Row],[Production(Tones)]]="",Table2[[#This Row],[Area Blanks]]*Table2[[#This Row],[Yield]],Table2[[#This Row],[Production(Tones)]]) -> 23489 | K53: 1434.588 | L53: =IF(Table2[[#This Row],[Annual_Rainfall(mm)]]="",_xlfn.XLOOKUP(Table2[[#This Row],[State]],'pivot tables'!$J$3:$J$32,'pivot tables'!$K$3:$K$32),Table2[[#This Row],[Annual_Rainfall(mm)]]) -> 1434.588 | M53: =Table2[[#This Row],[Crop]]&Table2[[#This Row],[State]] -> RicePuducherry | N53: 1729476.5 | O53: =IF(Table2[[#This Row],[Fertilizer(kg)]]="",_xlfn.XLOOKUP(Table2[[#This Row],[crop&state]],'pivot tables'!$O$3:$O$151,'pivot tables'!$P$3:$P$151),Table2[[#This Row],[Fertilizer(kg)]]) -> 1729476.5 | P53: 3406.92 | Q53: =IF(Table2[[#This Row],[Pesticide(kg)]]="",_xlfn.XLOOKUP(Table2[[#This Row],[crop&state]],'pivot tables'!$O$3:$O$151,'pivot tables'!$Q$3:$Q$151),Table2[[#This Row],[Pesticide(kg)]]) -> 3406.92 | R53: 2.857 | S53: =IF(Table2[[#This Row],[Yield]]="",IFERROR(Table2[[#This Row],[Production(Tones)]]/Table2[[#This Row],[Area(hectare)]],""),Table2[[#This Row],[Yield]]) -> 2.857 | T53: 27.938 | U53: =IF(Table2[[#This Row],[Avg_Temperature(°C)]]="",IFERROR((Table2[[#This Row],[Max_Temperature(°C)]]+Table2[[#This Row],[Min_Temperature(°C)]])/2,""),Table2[[#This Row],[Avg_Temperature(°C)]]) -> 27.938 | V53: 32.262 | W53: =IF(Table2[[#This Row],[Max_Temperature(°C)]]="",_xlfn.XLOOKUP(Table2[[#This Row],[State]],'pivot tables'!$T$2:$T$33,'pivot tables'!$V$2:$V$33),Table2[[#This Row],[Max_Temperature(°C)]]) -> 32.262 | X53: 23.946 | Y53: =IF(Table2[[#This Row],[Min_Temperature(°C)]]="",_xlfn.XLOOKUP(Table2[[#This Row],[State]],'pivot tables'!$T$2:$T$33,'pivot tables'!$W$2:$W$33),Table2[[#This Row],[Min_Temperature(°C)]]) -> 23.946
A54: Rice | B54: 2011 | D54: =PROPER(TRIM(Table2[[#This Row],[Season]])) | E54: =IF(Table2[[#This Row],[Season]]="",_xlfn.XLOOKUP(Table2[[#This Row],[State]],'pivot tables'!$F$3:$F$33,'pivot tables'!$G$3:$G$33),Table2[[#This Row],[Season]]) -> Kharif | F54: Puducherry | G54: 2015 | H54: =IF(Table2[[#This Row],[Area(hectare)]]="",IFERROR(Table2[[#This Row],[Production(Tones)]]/Table2[[#This Row],[Yield blanks]],""),Table2[[#This Row],[Area(hectare)]]) -> 2015 | I54: 5831 | J54: =IF(Table2[[#This Row],[Production(Tones)]]="",Table2[[#This Row],[Area Blanks]]*Table2[[#This Row],[Yield]],Table2[[#This Row],[Production(Tones)]]) -> 5831 | K54: 1434.588 | L54: =IF(Table2[[#This Row],[Annual_Rainfall(mm)]]="",_xlfn.XLOOKUP(Table2[[#This Row],[State]],'pivot tables'!$J$3:$J$32,'pivot tables'!$K$3:$K$32),Table2[[#This Row],[Annual_Rainfall(mm)]]) -> 1434.588 | M54: =Table2[[#This Row],[Crop]]&Table2[[#This Row],[State]] -> RicePuducherry | N54: 337552.8 | O54: =IF(Table2[[#This Row],[Fertilizer(kg)]]="",_xlfn.XLOOKUP(Table2[[#This Row],[crop&state]],'pivot tables'!$O$3:$O$151,'pivot tables'!$P$3:$P$151),Table2[[#This Row],[Fertilizer(kg)]]) -> 337552.8 | P54: 664.95 | Q54: =IF(Table2[[#This Row],[Pesticide(kg)]]="",_xlfn.XLOOKUP(Table2[[#This Row],[crop&state]],'pivot tables'!$O$3:$O$151,'pivot tables'!$Q$3:$Q$151),Table2[[#This Row],[Pesticide(kg)]]) -> 664.95 | R54: 2.49 | S54: =IF(Table2[[#This Row],[Yield]]="",IFERROR(Table2[[#This Row],[Production(Tones)]]/Table2[[#This Row],[Area(hectare)]],""),Table2[[#This Row],[Yield]]) -> 2.49 | T54: 27.938 | U54: =IF(Table2[[#This Row],[Avg_Temperature(°C)]]="",IFERROR((Table2[[#This Row],[Max_Temperature(°C)]]+Table2[[#This Row],[Min_Temperature(°C)]])/2,""),Table2[[#This Row],[Avg_Temperature(°C)]]) -> 27.938 | V54: 32.262 | W54: =IF(Table2[[#This Row],[Max_Temperature(°C)]]="",_xlfn.XLOOKUP(Table2[[#This Row],[State]],'pivot tables'!$T$2:$T$33,'pivot tables'!$V$2:$V$33),Table2[[#This Row],[Max_Temperature(°C)]]) -> 32.262 | X54: 23.946 | Y54: =IF(Table2[[#This Row],[Min_Temperature(°C)]]="",_xlfn.XLOOKUP(Table2[[#This Row],[State]],'pivot tables'!$T$2:$T$33,'pivot tables'!$W$2:$W$33),Table2[[#This Row],[Min_Temperature(°C)]]) -> 23.946
A55: Sugarcane | B55: 2011 | C55: Kharif | D55: =PROPER(TRIM(Table2[[#This Row],[Season]])) -> Kharif | E55: =IF(Table2[[#This Row],[Season]]="",_xlfn.XLOOKUP(Table2[[#This Row],[State]],'pivot tables'!$F$3:$F$33,'pivot tables'!$G$3:$G$33),Table2[[#This Row],[Season]]) -> Kharif | F55: Puducherry | G55: 1949 | H55: =IF(Table2[[#This Row],[Area(hectare)]]="",IFERROR(Table2[[#This Row],[Production(Tones)]]/Table2[[#This Row],[Yield blanks]],""),Table2[[#This Row],[Area(hectare)]]) -> 1949 | I55: 287785 | J55: =IF(Table2[[#This Row],[Production(Tones)]]="",Table2[[#This Row],[Area Blanks]]*Table2[[#This Row],[Yield]],Table2[[#This Row],[Production(Tones)]]) -> 287785 | K55: 1434.588 | L55: =IF(Table2[[#This Row],[Annual_Rainfall(mm)]]="",_xlfn.XLOOKUP(Table2[[#This Row],[State]],'pivot tables'!$J$3:$J$32,'pivot tables'!$K$3:$K$32),Table2[[#This Row],[Annual_Rainfall(mm)]]) -> 1434.588 | M55: =Table2[[#This Row],[Crop]]&Table2[[#This Row],[State]] -> SugarcanePuducherry | N55: 326496.48 | O55: =IF(Table2[[#This Row],[Fertilizer(kg)]]="",_xlfn.XLOOKUP(Table2[[#This Row],[crop&state]],'pivot tables'!$O$3:$O$151,'pivot tables'!$P$3:$P$151),Table2[[#This Row],[Fertilizer(kg)]]) -> 326496.48 | P55: 643.17 | Q55: =IF(Table2[[#This Row],[Pesticide(kg)]]="",_xlfn.XLOOKUP(Table2[[#This Row],[crop&state]],'pivot tables'!$O$3:$O$151,'pivot tables'!$Q$3:$Q$151),Table2[[#This Row],[Pesticide(kg)]]) -> 643.17 | R55: 147.66 | S55: =IF(Table2[[#This Row],[Yield]]="",IFERROR(Table2[[#This Row],[Production(Tones)]]/Table2[[#This Row],[Area(hectare)]],""),Table2[[#This Row],[Yield]]) -> 147.66 | T55: 27.938 | U55: =IF(Table2[[#This Row],[Avg_Temperature(°C)]]="",IFERROR((Table2[[#This Row],[Max_Temperature(°C)]]+Table2[[#This Row],[Min_Temperature(°C)]])/2,""),Table2[[#This Row],[Avg_Temperature(°C)]]) -> 27.938 | V55: 32.262 | W55: =IF(Table2[[#This Row],[Max_Temperature(°C)]]="",_xlfn.XLOOKUP(Table2[[#This Row],[State]],'pivot tables'!$T$2:$T$33,'pivot tables'!$V$2:$V$33),Table2[[#This Row],[Max_Temperature(°C)]]) -> 32.262 | Y55: =IF(Table2[[#This Row],[Min_Temperature(°C)]]="",_xlfn.XLOOKUP(Table2[[#This Row],[State]],'pivot tables'!$T$2:$T$33,'pivot tables'!$W$2:$W$33),Table2[[#This Row],[Min_Temperature(°C)]]) -> 24.39863
A56: Urad | B56: 2011 | C56: Kharif | D56: =PROPER(TRIM(Table2[[#This Row],[Season]])) -> Kharif | E56: =IF(Table2[[#This Row],[Season]]="",_xlfn.XLOOKUP(Table2[[#This Row],[State]],'pivot tables'!$F$3:$F$33,'pivot tables'!$G$3:$G$33),Table2[[#This Row],[Season]]) -> Kharif | F56: Puducherry | G56: 15 | H56: =IF(Table2[[#This Row],[Area(hectare)]]="",IFERROR(Table2[[#This Row],[Production(Tones)]]/Table2[[#This Row],[Yield blanks]],""),Table2[[#This Row],[Area(hectare)]]) -> 15 | I56: 12 | J56: =IF(Table2[[#This Row],[Production(Tones)]]="",Table2[[#This Row],[Area Blanks]]*Table2[[#This Row],[Yield]],Table2[[#This Row],[Production(Tones)]]) -> 12 | K56: 1434.588 | L56: =IF(Table2[[#This Row],[Annual_Rainfall(mm)]]="",_xlfn.XLOOKUP(Table2[[#This Row],[State]],'pivot tables'!$J$3:$J$32,'pivot tables'!$K$3:$K$32),Table2[[#This Row],[Annual_Rainfall(mm)]]) -> 1434.588 | M56: =Table2[[#This Row],[Crop]]&Table2[[#This Row],[State]] -> UradPuducherry | N56: 2512.8 | O56: =IF(Table2[[#This Row],[Fertilizer(kg)]]="",_xlfn.XLOOKUP(Table2[[#This Row],[crop&state]],'pivot tables'!$O$3:$O$151,'pivot tables'!$P$3:$P$151),Table2[[#This Row],[Fertilizer(kg)]]) -> 2512.8 | P56: 4.95 | Q56: =IF(Table2[[#This Row],[Pesticide(kg)]]="",_xlfn.XLOOKUP(Table2[[#This Row],[crop&state]],'pivot tables'!$O$3:$O$151,'pivot tables'!$Q$3:$Q$151),Table2[[#This Row],[Pesticide(kg)]]) -> 4.95 | R56: 0.8 | S56: =IF(Table2[[#This Row],[Yield]]="",IFERROR(Table2[[#This Row],[Production(Tones)]]/Table2[[#This Row],[Area(hectare)]],""),Table2[[#This Row],[Yield]]) -> 0.8 | T56: 27.938 | U56: =IF(Table2[[#This Row],[Avg_Temperature(°C)]]="",IFERROR((Table2[[#This Row],[Max_Temperature(°C)]]+Table2[[#This Row],[Min_Temperature(°C)]])/2,""),Table2[[#This Row],[Avg_Temperature(°C)]]) -> 27.938 | V56: 32.262 | W56: =IF(Table2[[#This Row],[Max_Temperature(°C)]]="",_xlfn.XLOOKUP(Table2[[#This Row],[State]],'pivot tables'!$T$2:$T$33,'pivot tables'!$V$2:$V$33),Table2[[#This Row],[Max_Temperature(°C)]]) -> 32.262 | X56: 23.946 | Y56: =IF(Table2[[#This Row],[Min_Temperature(°C)]]="",_xlfn.XLOOKUP(Table2[[#This Row],[State]],'pivot tables'!$T$2:$T$33,'pivot tables'!$W$2:$W$33),Table2[[#This Row],[Min_Temperature(°C)]]) -> 23.946
A57: Urad | B57: 2011 | C57: Rabi | D57: =PROPER(TRIM(Table2[[#This Row],[Season]])) -> Rabi | E57: =IF(Table2[[#This Row],[Season]]="",_xlfn.XLOOKUP(Table2[[#This Row],[State]],'pivot tables'!$F$3:$F$33,'pivot tables'!$G$3:$G$33),Table2[[#This Row],[Season]]) -> Rabi | F57: Puducherry | G57: 224 | H57: =IF(Table2[[#This Row],[Area(hectare)]]="",IFERROR(Table2[[#This Row],[Production(Tones)]]/Table2[[#This Row],[Yield blanks]],""),Table2[[#This Row],[Area(hectare)]]) -> 224 | I57: 242 | J57: =IF(Table2[[#This Row],[Production(Tones)]]="",Table2[[#This Row],[Area Blanks]]*Table2[[#This Row],[Yield]],Table2[[#This Row],[Production(Tones)]]) -> 242 | K57: 1434.588 | L57: =IF(Table2[[#This Row],[Annual_Rainfall(mm)]]="",_xlfn.XLOOKUP(Table2[[#This Row],[State]],'pivot tables'!$J$3:$J$32,'pivot tables'!$K$3:$K$32),Table2[[#This Row],[Annual_Rainfall(mm)]]) -> 1434.588 | M57: =Table2[[#This Row],[Crop]]&Table2[[#This Row],[State]] -> UradPuducherry | N57: 37524.48 | O57: =IF(Table2[[#This Row],[Fertilizer(kg)]]="",_xlfn.XLOOKUP(Table2[[#This Row],[crop&state]],'pivot tables'!$O$3:$O$151,'pivot tables'!$P$3:$P$151),Table2[[#This Row],[Fertilizer(kg)]]) -> 37524.48 | P57: 73.92 | Q57: =IF(Table2[[#This Row],[Pesticide(kg)]]="",_xlfn.XLOOKUP(Table2[[#This Row],[crop&state]],'pivot tables'!$O$3:$O$151,'pivot tables'!$Q$3:$Q$151),Table2[[#This Row],[Pesticide(kg)]]) -> 73.92 | R57: 0.83 | S57: =IF(Table2[[#This Row],[Yield]]="",IFERROR(Table2[[#This Row],[Production(Tones)]]/Table2[[#This Row],[Area(hectare)]],""),Table2[[#This Row],[Yield]]) -> 0.83 | T57: 27.938 | U57: =IF(Table2[[#This Row],[Avg_Temperature(°C)]]="",IFERROR((Table2[[#This Row],[Max_Temperature(°C)]]+Table2[[#This Row],[Min_Temperature(°C)]])/2,""),Table2[[#This Row],[Avg_Temperature(°C)]]) -> 27.938 | W57: =IF(Table2[[#This Row],[Max_Temperature(°C)]]="",_xlfn.XLOOKUP(Table2[[#This Row],[State]],'pivot tables'!$T$2:$T$33,'pivot tables'!$V$2:$V$33),Table2[[#This Row],[Max_Temperature(°C)]]) -> 32.711189 | X57: 23.946 | Y57: =IF(Table2[[#This Row],[Min_Temperature(°C)]]="",_xlfn.XLOOKUP(Table2[[#This Row],[State]],'pivot tables'!$T$2:$T$33,'pivot tables'!$W$2:$W$33),Table2[[#This Row],[Min_Temperature(°C)]]) -> 23.946
A58: Urad | B58: 2011 | C58: Summer | D58: =PROPER(TRIM(Table2[[#This Row],[Season]])) -> Summer | E58: =IF(Table2[[#This Row],[Season]]="",_xlfn.XLOOKUP(Table2[[#This Row],[State]],'pivot tables'!$F$3:$F$33,'pivot tables'!$G$3:$G$33),Table2[[#This Row],[Season]]) -> Summer | F58: Puducherry | G58: 832 | H58: =IF(Table2[[#This Row],[Area(hectare)]]="",IFERROR(Table2[[#This Row],[Production(Tones)]]/Table2[[#This Row],[Yield blanks]],""),Table2[[#This Row],[Area(hectare)]]) -> 832 | I58: 317 | J58: =IF(Table2[[#This Row],[Production(Tones)]]="",Table2[[#This Row],[Area Blanks]]*Table2[[#This Row],[Yield]],Table2[[#This Row],[Production(Tones)]]) -> 317 | K58: 1434.588 | L58: =IF(Table2[[#This Row],[Annual_Rainfall(mm)]]="",_xlfn.XLOOKUP(Table2[[#This Row],[State]],'pivot tables'!$J$3:$J$32,'pivot tables'!$K$3:$K$32),Table2[[#This Row],[Annual_Rainfall(mm)]]) -> 1434.588 | M58: =Table2[[#This Row],[Crop]]&Table2[[#This Row],[State]] -> UradPuducherry | N58: 139376.64 | O58: =IF(Table2[[#This Row],[Fertilizer(kg)]]="",_xlfn.XLOOKUP(Table2[[#This Row],[crop&state]],'pivot tables'!$O$3:$O$151,'pivot tables'!$P$3:$P$151),Table2[[#This Row],[Fertilizer(kg)]]) -> 139376.64 | P58: 274.56 | Q58: =IF(Table2[[#This Row],[Pesticide(kg)]]="",_xlfn.XLOOKUP(Table2[[#This Row],[crop&state]],'pivot tables'!$O$3:$O$151,'pivot tables'!$Q$3:$Q$151),Table2[[#This Row],[Pesticide(kg)]]) -> 274.56 | R58: 0.563 | S58: =IF(Table2[[#This Row],[Yield]]="",IFERROR(Table2[[#This Row],[Production(Tones)]]/Table2[[#This Row],[Area(hectare)]],""),Table2[[#This Row],[Yield]]) -> 0.563 | T58: 27.938 | U58: =IF(Table2[[#This Row],[Avg_Temperature(°C)]]="",IFERROR((Table2[[#This Row],[Max_Temperature(°C)]]+Table2[[#This Row],[Min_Temperature(°C)]])/2,""),Table2[[#This Row],[Avg_Temperature(°C)]]) -> 27.938 | V58: 32.262 | W58: =IF(Table2[[#This Row],[Max_Temperature(°C)]]="",_xlfn.XLOOKUP(Table2[[#This Row],[State]],'pivot tables'!$T$2:$T$33,'pivot tables'!$V$2:$V$33),Table2[[#This Row],[Max_Temperature(°C)]]) -> 32.262 | X58: 23.946 | Y58: =IF(Table2[[#This Row],[Min_Temperature(°C)]]="",_xlfn.XLOOKUP(Table2[[#This Row],[State]],'pivot tables'!$T$2:$T$33,'pivot tables'!$W$2:$W$33),Table2[[#This Row],[Min_Temperature(°C)]]) -> 23.946
A59: Rice | B59: 2011 | C59: Autumn | D59: =PROPER(TRIM(Table2[[#This Row],[Season]])) -> Autumn | E59: =IF(Table2[[#This Row],[Season]]="",_xlfn.XLOOKUP(Table2[[#This Row],[State]],'pivot tables'!$F$3:$F$33,'pivot tables'!$G$3:$G$33),Table2[[#This Row],[Season]]) -> Autumn | F59: Assam | G59: 276486 | H59: =IF(Table2[[#This Row],[Area(hectare)]]="",IFERROR(Table2[[#This Row],[Production(Tones)]]/Table2[[#This Row],[Yield blanks]],""),Table2[[#This Row],[Area(hectare)]]) -> 276486 | I59: 338015 | J59: =IF(Table2[[#This Row],[Production(Tones)]]="",Table2[[#This Row],[Area Blanks]]*Table2[[#This Row],[Yield]],Table2[[#This Row],[Production(Tones)]]) -> 338015 | K59: 1743.4 | L59: =IF(Table2[[#This Row],[Annual_Rainfall(mm)]]="",_xlfn.XLOOKUP(Table2[[#This Row],[State]],'pivot tables'!$J$3:$J$32,'pivot tables'!$K$3:$K$32),Table2[[#This Row],[Annual_Rainfall(mm)]]) -> 1743.4 | M59: =Table2[[#This Row],[Crop]]&Table2[[#This Row],[State]] -> RiceAssam | N59: 46316935 | O59: =IF(Table2[[#This Row],[Fertilizer(kg)]]="",_xlfn.XLOOKUP(Table2[[#This Row],[crop&state]],'pivot tables'!$O$3:$O$151,'pivot tables'!$P$3:$P$151),Table2[[#This Row],[Fertilizer(kg)]]) -> 46316935 | P59: 91240.38 | Q59: =IF(Table2[[#This Row],[Pesticide(kg)]]="",_xlfn.XLOOKUP(Table2[[#This Row],[crop&state]],'pivot tables'!$O$3:$O$151,'pivot tables'!$Q$3:$Q$151),Table2[[#This Row],[Pesticide(kg)]]) -> 91240.38 | R59: 1.269 | S59: =IF(Table2[[#This Row],[Yield]]="",IFERROR(Table2[[#This Row],[Production(Tones)]]/Table2[[#This Row],[Area(hectare)]],""),Table2[[#This Row],[Yield]]) -> 1.269 | T59: 23.536 | U59: =IF(Table2[[#This Row],[Avg_Temperature(°C)]]="",IFERROR((Table2[[#This Row],[Max_Temperature(°C)]]+Table2[[#This Row],[Min_Temperature(°C)]])/2,""),Table2[[#This Row],[Avg_Temperature(°C)]]) -> 23.536 | V59: 32.331 | W59: =IF(Table2[[#This Row],[Max_Temperature(°C)]]="",_xlfn.XLOOKUP(Table2[[#This Row],[State]],'pivot tables'!$T$2:$T$33,'pivot tables'!$V$2:$V$33),Table2[[#This Row],[Max_Temperature(°C)]]) -> 32.331 | X59: 15.608 | Y59: =IF(Table2[[#This Row],[Min_Temperature(°C)]]="",_xlfn.XLOOKUP(Table2[[#This Row],[State]],'pivot tables'!$T$2:$T$33,'pivot tables'!$W$2:$W$33),Table2[[#This Row],[Min_Temperature(°C)]]) -> 15.608
A60: Rice | B60: 2011 | C60: Summer | D60: =PROPER(TRIM(Table2[[#This Row],[Season]])) -> Summer | E60: =IF(Table2[[#This Row],[Season]]="",_xlfn.XLOOKUP(Table2[[#This Row],[State]],'pivot tables'!$F$3:$F$33,'pivot tables'!$G$3:$G$33),Table2[[#This Row],[Season]]) -> Summer | F60: Assam | G60: 393619 | H60: =IF(Table2[[#This Row],[Area(hectare)]]="",IFERROR(Table2[[#This Row],[Production(Tones)]]/Table2[[#This Row],[Yield blanks]],""),Table2[[#This Row],[Area(hectare)]]) -> 393619 | I60: 1080072 | J60: =IF(Table2[[#This Row],[Production(Tones)]]="",Table2[[#This Row],[Area Blanks]]*Table2[[#This Row],[Yield]],Table2[[#This Row],[Production(Tones)]]) -> 1080072 | K60: 1743.4 | L60: =IF(Table2[[#This Row],[Annual_Rainfall(mm)]]="",_xlfn.XLOOKUP(Table2[[#This Row],[State]],'pivot tables'!$J$3:$J$32,'pivot tables'!$K$3:$K$32),Table2[[#This Row],[Annual_Rainfall(mm)]]) -> 1743.4 | M60: =Table2[[#This Row],[Crop]]&Table2[[#This Row],[State]] -> RiceAssam | N60: 65939055 | O60: =IF(Table2[[#This Row],[Fertilizer(kg)]]="",_xlfn.XLOOKUP(Table2[[#This Row],[crop&state]],'pivot tables'!$O$3:$O$151,'pivot tables'!$P$3:$P$151),Table2[[#This Row],[Fertilizer(kg)]]) -> 65939055 | P60: 129894.27 | Q60: =IF(Table2[[#This Row],[Pesticide(kg)]]="",_xlfn.XLOOKUP(Table2[[#This Row],[crop&state]],'pivot tables'!$O$3:$O$151,'pivot tables'!$Q$3:$Q$151),Table2[[#This Row],[Pesticide(kg)]]) -> 129894.27 | R60: 2.49 | S60: =IF(Table2[[#This Row],[Yield]]="",IFERROR(Table2[[#This Row],[Production(Tones)]]/Table2[[#This Row],[Area(hectare)]],""),Table2[[#This Row],[Yield]]) -> 2.49 | T60: 23.536 | U60: =IF(Table2[[#This Row],[Avg_Temperature(°C)]]="",IFERROR((Table2[[#This Row],[Max_Temperature(°C)]]+Table2[[#This Row],[Min_Temperature(°C)]])/2,""),Table2[[#This Row],[Avg_Temperature(°C)]]) -> 23.536 | W60: =IF(Table2[[#This Row],[Max_Temperature(°C)]]="",_xlfn.XLOOKUP(Table2[[#This Row],[State]],'pivot tables'!$T$2:$T$33,'pivot tables'!$V$2:$V$33),Table2[[#This Row],[Max_Temperature(°C)]]) -> 33.026983 | X60: 15.608 | Y60: =IF(Table2[[#This Row],[Min_Temperature(°C)]]="",_xlfn.XLOOKUP(Table2[[#This Row],[State]],'pivot tables'!$T$2:$T$33,'pivot tables'!$W$2:$W$33),Table2[[#This Row],[Min_Temperature(°C)]]) -> 15.608
A61: Rice | B61: 2011 | C61: Winter | D61: =PROPER(TRIM(Table2[[#This Row],[Season]])) -> Winter | E61: =IF(Table2[[#This Row],[Season]]="",_xlfn.XLOOKUP(Table2[[#This Row],[State]],'pivot tables'!$F$3:$F$33,'pivot tables'!$G$3:$G$33),Table2[[#This Row],[Season]]) -> Winter | F61: Assam | G61: 1875601 | H61: =IF(Table2[[#This Row],[Area(hectare)]]="",IFERROR(Table2[[#This Row],[Production(Tones)]]/Table2[[#This Row],[Yield blanks]],""),Table2[[#This Row],[Area(hectare)]]) -> 1875601 | I61: 3297591 | J61: =IF(Table2[[#This Row],[Production(Tones)]]="",Table2[[#This Row],[Area Blanks]]*Table2[[#This Row],[Yield]],Table2[[#This Row],[Production(Tones)]]) -> 3297591 | K61: 1743.4 | L61: =IF(Table2[[#This Row],[Annual_Rainfall(mm)]]="",_xlfn.XLOOKUP(Table2[[#This Row],[State]],'pivot tables'!$J$3:$J$32,'pivot tables'!$K$3:$K$32),Table2[[#This Row],[Annual_Rainfall(mm)]]) -> 1743.4 | M61: =Table2[[#This Row],[Crop]]&Table2[[#This Row],[State]] -> RiceAssam | O61: =IF(Table2[[#This Row],[Fertilizer(kg)]]="",_xlfn.XLOOKUP(Table2[[#This Row],[crop&state]],'pivot tables'!$O$3:$O$151,'pivot tables'!$P$3:$P$151),Table2[[#This Row],[Fertilizer(kg)]]) -> 1.2800817e+08 | P61: 618948.33 | Q61: =IF(Table2[[#This Row],[Pesticide(kg)]]="",_xlfn.XLOOKUP(Table2[[#This Row],[crop&state]],'pivot tables'!$O$3:$O$151,'pivot tables'!$Q$3:$Q$151),Table2[[#This Row],[Pesticide(kg)]]) -> 618948.33 | R61: 1.797 | S61: =IF(Table2[[#This Row],[Yield]]="",IFERROR(Table2[[#This Row],[Production(Tones)]]/Table2[[#This Row],[Area(hectare)]],""),Table2[[#This Row],[Yield]]) -> 1.797 | T61: 23.536 | U61: =IF(Table2[[#This Row],[Avg_Temperature(°C)]]="",IFERROR((Table2[[#This Row],[Max_Temperature(°C)]]+Table2[[#This Row],[Min_Temperature(°C)]])/2,""),Table2[[#This Row],[Avg_Temperature(°C)]]) -> 23.536 | V61: 32.331 | W61: =IF(Table2[[#This Row],[Max_Temperature(°C)]]="",_xlfn.XLOOKUP(Table2[[#This Row],[State]],'pivot tables'!$T$2:$T$33,'pivot tables'!$V$2:$V$33),Table2[[#This Row],[Max_Temperature(°C)]]) -> 32.331 | Y61: =IF(Table2[[#This Row],[Min_Temperature(°C)]]="",_xlfn.XLOOKUP(Table2[[#This Row],[State]],'pivot tables'!$T$2:$T$33,'pivot tables'!$W$2:$W$33),Table2[[#This Row],[Min_Temperature(°C)]]) -> 16.53922
A62: Sugarcane | B62: 2011 | C62: Whole Year | D62: =PROPER(TRIM(Table2[[#This Row],[Season]])) -> Whole Year | E62: =IF(Table2[[#This Row],[Season]]="",_xlfn.XLOOKUP(Table2[[#This Row],[State]],'pivot tables'!$F$3:$F$33,'pivot tables'!$G$3:$G$33),Table2[[#This Row],[Season]]) -> Whole Year | F62: Assam | G62: 28404 | H62: =IF(Table2[[#This Row],[Area(hectare)]]="",IFERROR(Table2[[#This Row],[Production(Tones)]]/Table2[[#This Row],[Yield blanks]],""),Table2[[#This Row],[Area(hectare)]]) -> 28404 | I62: 1052514 | J62: =IF(Table2[[#This Row],[Production(Tones)]]="",Table2[[#This Row],[Area Blanks]]*Table2[[#This Row],[Yield]],Table2[[#This Row],[Production(Tones)]]) -> 1052514 | K62: 1743.4 | L62: =IF(Table2[[#This Row],[Annual_Rainfall(mm)]]="",_xlfn.XLOOKUP(Table2[[#This Row],[State]],'pivot tables'!$J$3:$J$32,'pivot tables'!$K$3:$K$32),Table2[[#This Row],[Annual_Rainfall(mm)]]) -> 1743.4 | M62: =Table2[[#This Row],[Crop]]&Table2[[#This Row],[State]] -> SugarcaneAssam | N62: 4758238.1 | O62: =IF(Table2[[#This Row],[Fertilizer(kg)]]="",_xlfn.XLOOKUP(Table2[[#This Row],[crop&state]],'pivot tables'!$O$3:$O$151,'pivot tables'!$P$3:$P$151),Table2[[#This Row],[Fertilizer(kg)]]) -> 4758238.1 | P62: 9373.32 | Q62: =IF(Table2[[#This Row],[Pesticide(kg)]]="",_xlfn.XLOOKUP(Table2[[#This Row],[crop&state]],'pivot tables'!$O$3:$O$151,'pivot tables'!$Q$3:$Q$151),Table2[[#This Row],[Pesticide(kg)]]) -> 9373.32 | R62: 37.691 | S62: =IF(Table2[[#This Row],[Yield]]="",IFERROR(Table2[[#This Row],[Production(Tones)]]/Table2[[#This Row],[Area(hectare)]],""),Table2[[#This Row],[Yield]]) -> 37.691 | T62: 23.536 | U62: =IF(Table2[[#This Row],[Avg_Temperature(°C)]]="",IFERROR((Table2[[#This Row],[Max_Temperature(°C)]]+Table2[[#This Row],[Min_Temperature(°C)]])/2,""),Table2[[#This Row],[Avg_Temperature(°C)]]) -> 23.536 | V62: 32.331 | W62: =IF(Table2[[#This Row],[Max_Temperature(°C)]]="",_xlfn.XLOOKUP(Table2[[#This Row],[State]],'pivot tables'!$T$2:$T$33,'pivot tables'!$V$2:$V$33),Table2[[#This Row],[Max_Temperature(°C)]]) -> 32.331 | X62: 15.608 | Y62: =IF(Table2[[#This Row],[Min_Temperature(°C)]]="",_xlfn.XLOOKUP(Table2[[#This Row],[State]],'pivot tables'!$T$2:$T$33,'pivot tables'!$W$2:$W$33),Table2[[#This Row],[Min_Temperature(°C)]]) -> 15.608
A63: Urad | B63: 2011 | C63: Rabi | D63: =PROPER(TRIM(Table2[[#This Row],[Season]])) -> Rabi | E63: =IF(Table2[[#This Row],[Season]]="",_xlfn.XLOOKUP(Table2[[#This Row],[State]],'pivot tables'!$F$3:$F$33,'pivot tables'!$G$3:$G$33),Table2[[#This Row],[Season]]) -> Rabi | F63: Assam | G63: 53669 | H63: =IF(Table2[[#This Row],[Area(hectare)]]="",IFERROR(Table2[[#This Row],[Production(Tones)]]/Table2[[#This Row],[Yield blanks]],""),Table2[[#This Row],[Area(hectare)]]) -> 53669 | I63: 29832 | J63: =IF(Table2[[#This Row],[Production(Tones)]]="",Table2[[#This Row],[Area Blanks]]*Table2[[#This Row],[Yield]],Table2[[#This Row],[Production(Tones)]]) -> 29832 | K63: 1743.4 | L63: =IF(Table2[[#This Row],[Annual_Rainfall(mm)]]="",_xlfn.XLOOKUP(Table2[[#This Row],[State]],'pivot tables'!$J$3:$J$32,'pivot tables'!$K$3:$K$32),Table2[[#This Row],[Annual_Rainfall(mm)]]) -> 1743.4 | M63: =Table2[[#This Row],[Crop]]&Table2[[#This Row],[State]] -> UradAssam | N63: 8990630.9 | O63: =IF(Table2[[#This Row],[Fertilizer(kg)]]="",_xlfn.XLOOKUP(Table2[[#This Row],[crop&state]],'pivot tables'!$O$3:$O$151,'pivot tables'!$P$3:$P$151),Table2[[#This Row],[Fertilizer(kg)]]) -> 8990630.9 | P63: 17710.77 | Q63: =IF(Table2[[#This Row],[Pesticide(kg)]]="",_xlfn.XLOOKUP(Table2[[#This Row],[crop&state]],'pivot tables'!$O$3:$O$151,'pivot tables'!$Q$3:$Q$151),Table2[[#This Row],[Pesticide(kg)]]) -> 17710.77 | R63: 0.566 | S63: =IF(Table2[[#This Row],[Yield]]="",IFERROR(Table2[[#This Row],[Production(Tones)]]/Table2[[#This Row],[Area(hectare)]],""),Table2[[#This Row],[Yield]]) -> 0.566 | T63: 23.536 | U63: =IF(Table2[[#This Row],[Avg_Temperature(°C)]]="",IFERROR((Table2[[#This Row],[Max_Temperature(°C)]]+Table2[[#This Row],[Min_Temperature(°C)]])/2,""),Table2[[#This Row],[Avg_Temperature(°C)]]) -> 23.536 | V63: 32.331 | W63: =IF(Table2[[#This Row],[Max_Temperature(°C)]]="",_xlfn.XLOOKUP(Table2[[#This Row],[State]],'pivot tables'!$T$2:$T$33,'pivot tables'!$V$2:$V$33),Table2[[#This Row],[Max_Temperature(°C)]]) -> 32.331 | X63: 15.608 | Y63: =IF(Table2[[#This Row],[Min_Temperature(°C)]]="",_xlfn.XLOOKUP(Table2[[#This Row],[State]],'pivot tables'!$T$2:$T$33,'pivot tables'!$W$2:$W$33),Table2[[#This Row],[Min_Temperature(°C)]]) -> 15.608
A64: Wheat | B64: 2011 | C64: Rabi | D64: =PROPER(TRIM(Table2[[#This Row],[Season]])) -> Rabi | E64: =IF(Table2[[#This Row],[Season]]="",_xlfn.XLOOKUP(Table2[[#This Row],[State]],'pivot tables'!$F$3:$F$33,'pivot tables'!$G$3:$G$33),Table2[[#This Row],[Season]]) -> Rabi | F64: Assam | G64: 40194 | H64: =IF(Table2[[#This Row],[Area(hectare)]]="",IFERROR(Table2[[#This Row],[Production(Tones)]]/Table2[[#This Row],[Yield blanks]],""),Table2[[#This Row],[Area(hectare)]]) -> 40194 | I64: 48592 | J64: =IF(Table2[[#This Row],[Production(Tones)]]="",Table2[[#This Row],[Area Blanks]]*Table2[[#This Row],[Yield]],Table2[[#This Row],[Production(Tones)]]) -> 48592 | K64: 1743.4 | L64: =IF(Table2[[#This Row],[Annual_Rainfall(mm)]]="",_xlfn.XLOOKUP(Table2[[#This Row],[State]],'pivot tables'!$J$3:$J$32,'pivot tables'!$K$3:$K$32),Table2[[#This Row],[Annual_Rainfall(mm)]]) -> 1743.4 | M64: =Table2[[#This Row],[Crop]]&Table2[[#This Row],[State]] -> WheatAssam | N64: 6733298.9 | O64: =IF(Table2[[#This Row],[Fertilizer(kg)]]="",_xlfn.XLOOKUP(Table2[[#This Row],[crop&state]],'pivot tables'!$O$3:$O$151,'pivot tables'!$P$3:$P$151),Table2[[#This Row],[Fertilizer(kg)]]) -> 6733298.9 | P64: 13264.02 | Q64: =IF(Table2[[#This Row],[Pesticide(kg)]]="",_xlfn.XLOOKUP(Table2[[#This Row],[crop&state]],'pivot tables'!$O$3:$O$151,'pivot tables'!$Q$3:$Q$151),Table2[[#This Row],[Pesticide(kg)]]) -> 13264.02 | R64: 1.17 | S64: =IF(Table2[[#This Row],[Yield]]="",IFERROR(Table2[[#This Row],[Production(Tones)]]/Table2[[#This Row],[Area(hectare)]],""),Table2[[#This Row],[Yield]]) -> 1.17 | T64: 23.536 | U64: =IF(Table2[[#This Row],[Avg_Temperature(°C)]]="",IFERROR((Table2[[#This Row],[Max_Temperature(°C)]]+Table2[[#This Row],[Min_Temperature(°C)]])/2,""),Table2[[#This Row],[Avg_Temperature(°C)]]) -> 23.536 | V64: 32.331 | W64: =IF(Table2[[#This Row],[Max_Temperature(°C)]]="",_xlfn.XLOOKUP(Table2[[#This Row],[State]],'pivot tables'!$T$2:$T$33,'pivot tables'!$V$2:$V$33),Table2[[#This Row],[Max_Temperature(°C)]]) -> 32.331 | X64: 15.61 | Y64: =IF(Table2[[#This Row],[Min_Temperature(°C)]]="",_xlfn.XLOOKUP(Table2[[#This Row],[State]],'pivot tables'!$T$2:$T$33,'pivot tables'!$W$2:$W$33),Table2[[#This Row],[Min_Temperature(°C)]]) -> 15.61
A65: Ragi | B65: 2011 | C65: Kharif | D65: =PROPER(TRIM(Table2[[#This Row],[Season]])) -> Kharif | E65: =IF(Table2[[#This Row],[Season]]="",_xlfn.XLOOKUP(Table2[[#This Row],[State]],'pivot tables'!$F$3:$F$33,'pivot tables'!$G$3:$G$33),Table2[[#This Row],[Season]]) -> Kharif | F65: Andhra Pradesh | G65: 37057 | H65: =IF(Table2[[#This Row],[Area(hectare)]]="",IFERROR(Table2[[#This Row],[Production(Tones)]]/Table2[[#This Row],[Yield blanks]],""),Table2[[#This Row],[Area(hectare)]]) -> 37057 | I65: 31267 | J65: =IF(Table2[[#This Row],[Production(Tones)]]="",Table2[[#This Row],[Area Blanks]]*Table2[[#This Row],[Yield]],Table2[[#This Row],[Production(Tones)]]) -> 31267 | K65: 861.9 | L65: =IF(Table2[[#This Row],[Annual_Rainfall(mm)]]="",_xlfn.XLOOKUP(Table2[[#This Row],[State]],'pivot tables'!$J$3:$J$32,'pivot tables'!$K$3:$K$32),Table2[[#This Row],[Annual_Rainfall(mm)]]) -> 861.9 | M65: =Table2[[#This Row],[Crop]]&Table2[[#This Row],[State]] -> RagiAndhra Pradesh | N65: 6207788.6 | O65: =IF(Table2[[#This Row],[Fertilizer(kg)]]="",_xlfn.XLOOKUP(Table2[[#This Row],[crop&state]],'pivot tables'!$O$3:$O$151,'pivot tables'!$P$3:$P$151),Table2[[#This Row],[Fertilizer(kg)]]) -> 6207788.6 | P65: 12228.81 | Q65: =IF(Table2[[#This Row],[Pesticide(kg)]]="",_xlfn.XLOOKUP(Table2[[#This Row],[crop&state]],'pivot tables'!$O$3:$O$151,'pivot tables'!$Q$3:$Q$151),Table2[[#This Row],[Pesticide(kg)]]) -> 12228.81 | R65: 0.994 | S65: =IF(Table2[[#This Row],[Yield]]="",IFERROR(Table2[[#This Row],[Production(Tones)]]/Table2[[#This Row],[Area(hectare)]],""),Table2[[#This Row],[Yield]]) -> 0.994 | T65: 28.331 | U65: =IF(Table2[[#This Row],[Avg_Temperature(°C)]]="",IFERROR((Table2[[#This Row],[Max_Temperature(°C)]]+Table2[[#This Row],[Min_Temperature(°C)]])/2,""),Table2[[#This Row],[Avg_Temperature(°C)]]) -> 28.331 | V65: 38.133 | W65: =IF(Table2[[#This Row],[Max_Temperature(°C)]]="",_xlfn.XLOOKUP(Table2[[#This Row],[State]],'pivot tables'!$T$2:$T$33,'pivot tables'!$V$2:$V$33),Table2[[#This Row],[Max_Temperature(°C)]]) -> 38.133 | X65: 19.903 | Y65: =IF(Table2[[#This Row],[Min_Temperature(°C)]]="",_xlfn.XLOOKUP(Table2[[#This Row],[State]],'pivot tables'!$T$2:$T$33,'pivot tables'!$W$2:$W$33),Table2[[#This Row],[Min_Temperature(°C)]]) -> 19.903
A66: Ragi | B66: 2011 | C66: Rabi | D66: =PROPER(TRIM(Table2[[#This Row],[Season]])) -> Rabi | E66: =IF(Table2[[#This Row],[Season]]="",_xlfn.XLOOKUP(Table2[[#This Row],[State]],'pivot tables'!$F$3:$F$33,'pivot tables'!$G$3:$G$33),Table2[[#This Row],[Season]]) -> Rabi | F66: Andhra Pradesh | G66: 5379 | H66: =IF(Table2[[#This Row],[Area(hectare)]]="",IFERROR(Table2[[#This Row],[Production(Tones)]]/Table2[[#This Row],[Yield blanks]],""),Table2[[#This Row],[Area(hectare)]]) -> 5379 | I66: 9505 | J66: =IF(Table2[[#This Row],[Production(Tones)]]="",Table2[[#This Row],[Area Blanks]]*Table2[[#This Row],[Yield]],Table2[[#This Row],[Production(Tones)]]) -> 9505 | L66: =IF(Table2[[#This Row],[Annual_Rainfall(mm)]]="",_xlfn.XLOOKUP(Table2[[#This Row],[State]],'pivot tables'!$J$3:$J$32,'pivot tables'!$K$3:$K$32),Table2[[#This Row],[Annual_Rainfall(mm)]]) -> 956.04894 | M66: =Table2[[#This Row],[Crop]]&Table2[[#This Row],[State]] -> RagiAndhra Pradesh | N66: 901090.08 | O66: =IF(Table2[[#This Row],[Fertilizer(kg)]]="",_xlfn.XLOOKUP(Table2[[#This Row],[crop&state]],'pivot tables'!$O$3:$O$151,'pivot tables'!$P$3:$P$151),Table2[[#This Row],[Fertilizer(kg)]]) -> 901090.08 | P66: 1775.07 | Q66: =IF(Table2[[#This Row],[Pesticide(kg)]]="",_xlfn.XLOOKUP(Table2[[#This Row],[crop&state]],'pivot tables'!$O$3:$O$151,'pivot tables'!$Q$3:$Q$151),Table2[[#This Row],[Pesticide(kg)]]) -> 1775.07 | R66: 1.691 | S66: =IF(Table2[[#This Row],[Yield]]="",IFERROR(Table2[[#This Row],[Production(Tones)]]/Table2[[#This Row],[Area(hectare)]],""),Table2[[#This Row],[Yield]]) -> 1.691 | T66: 28.331 | U66: =IF(Table2[[#This Row],[Avg_Temperature(°C)]]="",IFERROR((Table2[[#This Row],[Max_Temperature(°C)]]+Table2[[#This Row],[Min_Temperature(°C)]])/2,""),Table2[[#This Row],[Avg_Temperature(°C)]]) -> 28.331 | V66: 38.133 | W66: =IF(Table2[[#This Row],[Max_Temperature(°C)]]="",_xlfn.XLOOKUP(Table2[[#This Row],[State]],'pivot tables'!$T$2:$T$33,'pivot tables'!$V$2:$V$33),Table2[[#This Row],[Max_Temperature(°C)]]) -> 38.133 | X66: 19.903 | Y66: =IF(Table2[[#This Row],[Min_Temperature(°C)]]="",_xlfn.XLOOKUP(Table2[[#This Row],[State]],'pivot tables'!$T$2:$T$33,'pivot tables'!$W$2:$W$33),Table2[[#This Row],[Min_Temperature(°C)]]) -> 19.903
A67: Rice | B67: 2011 | C67: Kharif | D67: =PROPER(TRIM(Table2[[#This Row],[Season]])) -> Kharif | E67: =IF(Table2[[#This Row],[Season]]="",_xlfn.XLOOKUP(Table2[[#This Row],[State]],'pivot tables'!$F$3:$F$33,'pivot tables'!$G$3:$G$33),Table2[[#This Row],[Season]]) -> Kharif | F67: Andhra Pradesh | G67: 2873949 | H67: =IF(Table2[[#This Row],[Area(hectare)]]="",IFERROR(Table2[[#This Row],[Production(Tones)]]/Table2[[#This Row],[Yield blanks]],""),Table2[[#This Row],[Area(hectare)]]) -> 2873949 | I67: 8563334 | J67: =IF(Table2[[#This Row],[Production(Tones)]]="",Table2[[#This Row],[Area Blanks]]*Table2[[#This Row],[Yield]],Table2[[#This Row],[Production(Tones)]]) -> 8563334 | K67: 861.9 | L67: =IF(Table2[[#This Row],[Annual_Rainfall(mm)]]="",_xlfn.XLOOKUP(Table2[[#This Row],[State]],'pivot tables'!$J$3:$J$32,'pivot tables'!$K$3:$K$32),Table2[[#This Row],[Annual_Rainfall(mm)]]) -> 861.9 | M67: =Table2[[#This Row],[Crop]]&Table2[[#This Row],[State]] -> RiceAndhra Pradesh | N67: 4.8144394e+08 | O67: =IF(Table2[[#This Row],[Fertilizer(kg)]]="",_xlfn.XLOOKUP(Table2[[#This Row],[crop&state]],'pivot tables'!$O$3:$O$151,'pivot tables'!$P$3:$P$151),Table2[[#This Row],[Fertilizer(kg)]]) -> 4.8144394e+08 | P67: 948403.17 | Q67: =IF(Table2[[#This Row],[Pesticide(kg)]]="",_xlfn.XLOOKUP(Table2[[#This Row],[crop&state]],'pivot tables'!$O$3:$O$151,'pivot tables'!$Q$3:$Q$151),Table2[[#This Row],[Pesticide(kg)]]) -> 948403.17 | R67: 2.909 | S67: =IF(Table2[[#This Row],[Yield]]="",IFERROR(Table2[[#This Row],[Production(Tones)]]/Table2[[#This Row],[Area(hectare)]],""),Table2[[#This Row],[Yield]]) -> 2.909 | T67: 28.331 | U67: =IF(Table2[[#This Row],[Avg_Temperature(°C)]]="",IFERROR((Table2[[#This Row],[Max_Temperature(°C)]]+Table2[[#This Row],[Min_Temperature(°C)]])/2,""),Table2[[#This Row],[Avg_Temperature(°C)]]) -> 28.331 | W67: =IF(Table2[[#This Row],[Max_Temperature(°C)]]="",_xlfn.XLOOKUP(Table2[[#This Row],[State]],'pivot tables'!$T$2:$T$33,'pivot tables'!$V$2:$V$33),Table2[[#This Row],[Max_Temperature(°C)]]) -> 37.972937 | X67: 19.903 | Y67: =IF(Table2[[#This Row],[Min_Temperature(°C)]]="",_xlfn.XLOOKUP(Table2[[#This Row],[State]],'pivot tables'!$T$2:$T$33,'pivot tables'!$W$2:$W$33),Table2[[#This Row],[Min_Temperature(°C)]]) -> 19.903
A68: Rice | B68: 2011 | C68: Rabi | D68: =PROPER(TRIM(Table2[[#This Row],[Season]])) -> Rabi | E68: =IF(Table2[[#This Row],[Season]]="",_xlfn.XLOOKUP(Table2[[#This Row],[State]],'pivot tables'!$F$3:$F$33,'pivot tables'!$G$3:$G$33),Table2[[#This Row],[Season]]) -> Rabi | F68: Andhra Pradesh | G68: 1221899 | H68: =IF(Table2[[#This Row],[Area(hectare)]]="",IFERROR(Table2[[#This Row],[Production(Tones)]]/Table2[[#This Row],[Yield blanks]],""),Table2[[#This Row],[Area(hectare)]]) -> 1221899 | I68: 4328458 | J68: =IF(Table2[[#This Row],[Production(Tones)]]="",Table2[[#This Row],[Area Blanks]]*Table2[[#This Row],[Yield]],Table2[[#This Row],[Production(Tones)]]) -> 4328458 | K68: 861.9 | L68: =IF(Table2[[#This Row],[Annual_Rainfall(mm)]]="",_xlfn.XLOOKUP(Table2[[#This Row],[State]],'pivot tables'!$J$3:$J$32,'pivot tables'!$K$3:$K$32),Table2[[#This Row],[Annual_Rainfall(mm)]]) -> 861.9 | M68: =Table2[[#This Row],[Crop]]&Table2[[#This Row],[State]] -> RiceAndhra Pradesh | N68: 2.0469252e+08 | O68: =IF(Table2[[#This Row],[Fertilizer(kg)]]="",_xlfn.XLOOKUP(Table2[[#This Row],[crop&state]],'pivot tables'!$O$3:$O$151,'pivot tables'!$P$3:$P$151),Table2[[#This Row],[Fertilizer(kg)]]) -> 2.0469252e+08 | P68: 403226.67 | Q68: =IF(Table2[[#This Row],[Pesticide(kg)]]="",_xlfn.XLOOKUP(Table2[[#This Row],[crop&state]],'pivot tables'!$O$3:$O$151,'pivot tables'!$Q$3:$Q$151),Table2[[#This Row],[Pesticide(kg)]]) -> 403226.67 | R68: 3.032 | S68: =IF(Table2[[#This Row],[Yield]]="",IFERROR(Table2[[#This Row],[Production(Tones)]]/Table2[[#This Row],[Area(hectare)]],""),Table2[[#This Row],[Yield]]) -> 3.032 | T68: 28.331 | U68: =IF(Table2[[#This Row],[Avg_Temperature(°C)]]="",IFERROR((Table2[[#This Row],[Max_Temperature(°C)]]+Table2[[#This Row],[Min_Temperature(°C)]])/2,""),Table2[[#This Row],[Avg_Temperature(°C)]]) -> 28.331 | V68: 38.133 | W68: =IF(Table2[[#This Row],[Max_Temperature(°C)]]="",_xlfn.XLOOKUP(Table2[[#This Row],[State]],'pivot tables'!$T$2:$T$33,'pivot tables'!$V$2:$V$33),Table2[[#This Row],[Max_Temperature(°C)]]) -> 38.133 | X68: 19.903 | Y68: =IF(Table2[[#This Row],[Min_Temperature(°C)]]="",_xlfn.XLOOKUP(Table2[[#This Row],[State]],'pivot tables'!$T$2:$T$33,'pivot tables'!$W$2:$W$33),Table2[[#This Row],[Min_Temperature(°C)]]) -> 19.903
A69: Sugarcane | B69: 2011 | C69: Whole Year | D69: =PROPER(TRIM(Table2[[#This Row],[Season]])) -> Whole Year | E69: =IF(Table2[[#This Row],[Season]]="",_xlfn.XLOOKUP(Table2[[#This Row],[State]],'pivot tables'!$F$3:$F$33,'pivot tables'!$G$3:$G$33),Table2[[#This Row],[Season]]) -> Whole Year | F69: Andhra Pradesh | G69: 204038 | H69: =IF(Table2[[#This Row],[Area(hectare)]]="",IFERROR(Table2[[#This Row],[Production(Tones)]]/Table2[[#This Row],[Yield blanks]],""),Table2[[#This Row],[Area(hectare)]]) -> 204038 | I69: 16688857 | J69: =IF(Table2[[#This Row],[Production(Tones)]]="",Table2[[#This Row],[Area Blanks]]*Table2[[#This Row],[Yield]],Table2[[#This Row],[Production(Tones)]]) -> 16688857 | K69: 861.9 | L69: =IF(Table2[[#This Row],[Annual_Rainfall(mm)]]="",_xlfn.XLOOKUP(Table2[[#This Row],[State]],'pivot tables'!$J$3:$J$32,'pivot tables'!$K$3:$K$32),Table2[[#This Row],[Annual_Rainfall(mm)]]) -> 861.9 | M69: =Table2[[#This Row],[Crop]]&Table2[[#This Row],[State]] -> SugarcaneAndhra Pradesh | N69: 34180446 | O69: =IF(Table2[[#This Row],[Fertilizer(kg)]]="",_xlfn.XLOOKUP(Table2[[#This Row],[crop&state]],'pivot tables'!$O$3:$O$151,'pivot tables'!$P$3:$P$151),Table2[[#This Row],[Fertilizer(kg)]]) -> 34180446 | P69: 67332.54 | Q69: =IF(Table2[[#This Row],[Pesticide(kg)]]="",_xlfn.XLOOKUP(Table2[[#This Row],[crop&state]],'pivot tables'!$O$3:$O$151,'pivot tables'!$Q$3:$Q$151),Table2[[#This Row],[Pesticide(kg)]]) -> 67332.54 | R69: 86.016 | S69: =IF(Table2[[#This Row],[Yield]]="",IFERROR(Table2[[#This Row],[Production(Tones)]]/Table2[[#This Row],[Area(hectare)]],""),Table2[[#This Row],[Yield]]) -> 86.016 | T69: 28.331 | U69: =IF(Table2[[#This Row],[Avg_Temperature(°C)]]="",IFERROR((Table2[[#This Row],[Max_Temperature(°C)]]+Table2[[#This Row],[Min_Temperature(°C)]])/2,""),Table2[[#This Row],[Avg_Temperature(°C)]]) -> 28.331 | V69: 38.133 | W69: =IF(Table2[[#This Row],[Max_Temperature(°C)]]="",_xlfn.XLOOKUP(Table2[[#This Row],[State]],'pivot tables'!$T$2:$T$33,'pivot tables'!$V$2:$V$33),Table2[[#This Row],[Max_Temperature(°C)]]) -> 38.133 | X69: 19.903 | Y69: =IF(Table2[[#This Row],[Min_Temperature(°C)]]="",_xlfn.XLOOKUP(Table2[[#This Row],[State]],'pivot tables'!$T$2:$T$33,'pivot tables'!$W$2:$W$33),Table2[[#This Row],[Min_Temperature(°C)]]) -> 19.903
A70: Sunflower | B70: 2011 | C70: Whole Year | D70: =PROPER(TRIM(Table2[[#This Row],[Season]])) -> Whole Year | E70: =IF(Table2[[#This Row],[Season]]="",_xlfn.XLOOKUP(Table2[[#This Row],[State]],'pivot tables'!$F$3:$F$33,'pivot tables'!$G$3:$G$33),Table2[[#This Row],[Season]]) -> Whole Year | F70: Andhra Pradesh | G70: 157535 | H70: =IF(Table2[[#This Row],[Area(hectare)]]="",IFERROR(Table2[[#This Row],[Production(Tones)]]/Table2[[#This Row],[Yield blanks]],""),Table2[[#This Row],[Area(hectare)]]) -> 157535 | I70: 123565 | J70: =IF(Table2[[#This Row],[Production(Tones)]]="",Table2[[#This Row],[Area Blanks]]*Table2[[#This Row],[Yield]],Table2[[#This Row],[Production(Tones)]]) -> 123565 | K70: 861.9 | L70: =IF(Table2[[#This Row],[Annual_Rainfall(mm)]]="",_xlfn.XLOOKUP(Table2[[#This Row],[State]],'pivot tables'!$J$3:$J$32,'pivot tables'!$K$3:$K$32),Table2[[#This Row],[Annual_Rainfall(mm)]]) -> 861.9 | M70: =Table2[[#This Row],[Crop]]&Table2[[#This Row],[State]] -> SunflowerAndhra Pradesh | O70: =IF(Table2[[#This Row],[Fertilizer(kg)]]="",_xlfn.XLOOKUP(Table2[[#This Row],[crop&state]],'pivot tables'!$O$3:$O$151,'pivot tables'!$P$3:$P$151),Table2[[#This Row],[Fertilizer(kg)]]) -> 5131394.2 | P70: 51986.55 | Q70: =IF(Table2[[#This Row],[Pesticide(kg)]]="",_xlfn.XLOOKUP(Table2[[#This Row],[crop&state]],'pivot tables'!$O$3:$O$151,'pivot tables'!$Q$3:$Q$151),Table2[[#This Row],[Pesticide(kg)]]) -> 51986.55 | R70: 0.978 | S70: =IF(Table2[[#This Row],[Yield]]="",IFERROR(Table2[[#This Row],[Production(Tones)]]/Table2[[#This Row],[Area(hectare)]],""),Table2[[#This Row],[Yield]]) -> 0.978 | T70: 28.331 | U70: =IF(Table2[[#This Row],[Avg_Temperature(°C)]]="",IFERROR((Table2[[#This Row],[Max_Temperature(°C)]]+Table2[[#This Row],[Min_Temperature(°C)]])/2,""),Table2[[#This Row],[Avg_Temperature(°C)]]) -> 28.331 | V70: 38.133 | W70: =IF(Table2[[#This Row],[Max_Temperature(°C)]]="",_xlfn.XLOOKUP(Table2[[#This Row],[State]],'pivot tables'!$T$2:$T$33,'pivot tables'!$V$2:$V$33),Table2[[#This Row],[Max_Temperature(°C)]]) -> 38.133 | X70: 19.903 | Y70: =IF(Table2[[#This Row],[Min_Temperature(°C)]]="",_xlfn.XLOOKUP(Table2[[#This Row],[State]],'pivot tables'!$T$2:$T$33,'pivot tables'!$W$2:$W$33),Table2[[#This Row],[Min_Temperature(°C)]]) -> 19.903
A71: Urad | B71: 2011 | D71: =PROPER(TRIM(Table2[[#This Row],[Season]])) | E71: =IF(Table2[[#This Row],[Season]]="",_xlfn.XLOOKUP(Table2[[#This Row],[State]],'pivot tables'!$F$3:$F$33,'pivot tables'!$G$3:$G$33),Table2[[#This Row],[Season]]) -> Rabi | F71: Andhra Pradesh | G71: 62571 | H71: =IF(Table2[[#This Row],[Area(hectare)]]="",IFERROR(Table2[[#This Row],[Production(Tones)]]/Table2[[#This Row],[Yield blanks]],""),Table2[[#This Row],[Area(hectare)]]) -> 62571 | I71: 40360 | J71: =IF(Table2[[#This Row],[Production(Tones)]]="",Table2[[#This Row],[Area Blanks]]*Table2[[#This Row],[Yield]],Table2[[#This Row],[Production(Tones)]]) -> 40360 | K71: 861.9 | L71: =IF(Table2[[#This Row],[Annual_Rainfall(mm)]]="",_xlfn.XLOOKUP(Table2[[#This Row],[State]],'pivot tables'!$J$3:$J$32,'pivot tables'!$K$3:$K$32),Table2[[#This Row],[Annual_Rainfall(mm)]]) -> 861.9 | M71: =Table2[[#This Row],[Crop]]&Table2[[#This Row],[State]] -> UradAndhra Pradesh | N71: 10481894 | O71: =IF(Table2[[#This Row],[Fertilizer(kg)]]="",_xlfn.XLOOKUP(Table2[[#This Row],[crop&state]],'pivot tables'!$O$3:$O$151,'pivot tables'!$P$3:$P$151),Table2[[#This Row],[Fertilizer(kg)]]) -> 10481894 | P71: 20648.43 | Q71: =IF(Table2[[#This Row],[Pesticide(kg)]]="",_xlfn.XLOOKUP(Table2[[#This Row],[crop&state]],'pivot tables'!$O$3:$O$151,'pivot tables'!$Q$3:$Q$151),Table2[[#This Row],[Pesticide(kg)]]) -> 20648.43 | R71: 0.598 | S71: =IF(Table2[[#This Row],[Yield]]="",IFERROR(Table2[[#This Row],[Production(Tones)]]/Table2[[#This Row],[Area(hectare)]],""),Table2[[#This Row],[Yield]]) -> 0.598 | T71: 28.331 | U71: =IF(Table2[[#This Row],[Avg_Temperature(°C)]]="",IFERROR((Table2[[#This Row],[Max_Temperature(°C)]]+Table2[[#This Row],[Min_Temperature(°C)]])/2,""),Table2[[#This Row],[Avg_Temperature(°C)]]) -> 28.331 | V71: 38.133 | W71: =IF(Table2[[#This Row],[Max_Temperature(°C)]]="",_xlfn.XLOOKUP(Table2[[#This Row],[State]],'pivot tables'!$T$2:$T$33,'pivot tables'!$V$2:$V$33),Table2[[#This Row],[Max_Temperature(°C)]]) -> 38.133 | X71: 19.903 | Y71: =IF(Table2[[#This Row],[Min_Temperature(°C)]]="",_xlfn.XLOOKUP(Table2[[#This Row],[State]],'pivot tables'!$T$2:$T$33,'pivot tables'!$W$2:$W$33),Table2[[#This Row],[Min_Temperature(°C)]]) -> 19.903
A72: Urad | B72: 2011 | C72: Rabi | D72: =PROPER(TRIM(Table2[[#This Row],[Season]])) -> Rabi | E72: =IF(Table2[[#This Row],[Season]]="",_xlfn.XLOOKUP(Table2[[#This Row],[State]],'pivot tables'!$F$3:$F$33,'pivot tables'!$G$3:$G$33),Table2[[#This Row],[Season]]) -> Rabi | F72: Andhra Pradesh | H72: =IF(Table2[[#This Row],[Area(hectare)]]="",IFERROR(Table2[[#This Row],[Production(Tones)]]/Table2[[#This Row],[Yield blanks]],""),Table2[[#This Row],[Area(hectare)]]) -> 586738.35 | I72: 327400 | J72: =IF(Table2[[#This Row],[Production(Tones)]]="",Table2[[#This Row],[Area Blanks]]*Table2[[#This Row],[Yield]],Table2[[#This Row],[Production(Tones)]]) -> 327400 | K72: 861.9 | L72: =IF(Table2[[#This Row],[Annual_Rainfall(mm)]]="",_xlfn.XLOOKUP(Table2[[#This Row],[State]],'pivot tables'!$J$3:$J$32,'pivot tables'!$K$3:$K$32),Table2[[#This Row],[Annual_Rainfall(mm)]]) -> 861.9 | M72: =Table2[[#This Row],[Crop]]&Table2[[#This Row],[State]] -> UradAndhra Pradesh | N72: 79930325 | O72: =IF(Table2[[#This Row],[Fertilizer(kg)]]="",_xlfn.XLOOKUP(Table2[[#This Row],[crop&state]],'pivot tables'!$O$3:$O$151,'pivot tables'!$P$3:$P$151),Table2[[#This Row],[Fertilizer(kg)]]) -> 79930325 | P72: 157455.87 | Q72: =IF(Table2[[#This Row],[Pesticide(kg)]]="",_xlfn.XLOOKUP(Table2[[#This Row],[crop&state]],'pivot tables'!$O$3:$O$151,'pivot tables'!$Q$3:$Q$151),Table2[[#This Row],[Pesticide(kg)]]) -> 157455.87 | R72: 0.558 | S72: =IF(Table2[[#This Row],[Yield]]="",IFERROR(Table2[[#This Row],[Production(Tones)]]/Table2[[#This Row],[Area(hectare)]],""),Table2[[#This Row],[Yield]]) -> 0.558 | T72: 28.331 | U72: =IF(Table2[[#This Row],[Avg_Temperature(°C)]]="",IFERROR((Table2[[#This Row],[Max_Temperature(°C)]]+Table2[[#This Row],[Min_Temperature(°C)]])/2,""),Table2[[#This Row],[Avg_Temperature(°C)]]) -> 28.331 | V72: 38.133 | W72: =IF(Table2[[#This Row],[Max_Temperature(°C)]]="",_xlfn.XLOOKUP(Table2[[#This Row],[State]],'pivot tables'!$T$2:$T$33,'pivot tables'!$V$2:$V$33),Table2[[#This Row],[Max_Temperature(°C)]]) -> 38.133 | X72: 19.903 | Y72: =IF(Table2[[#This Row],[Min_Temperature(°C)]]="",_xlfn.XLOOKUP(Table2[[#This Row],[State]],'pivot tables'!$T$2:$T$33,'pivot tables'!$W$2:$W$33),Table2[[#This Row],[Min_Temperature(°C)]]) -> 19.903
A73: Wheat | B73: 2011 | C73: Rabi | D73: =PROPER(TRIM(Table2[[#This Row],[Season]])) -> Rabi | E73: =IF(Table2[[#This Row],[Season]]="",_xlfn.XLOOKUP(Table2[[#This Row],[State]],'pivot tables'!$F$3:$F$33,'pivot tables'!$G$3:$G$33),Table2[[#This Row],[Season]]) -> Rabi | F73: Andhra Pradesh | G73: 8255 | H73: =IF(Table2[[#This Row],[Area(hectare)]]="",IFERROR(Table2[[#This Row],[Production(Tones)]]/Table2[[#This Row],[Yield blanks]],""),Table2[[#This Row],[Area(hectare)]]) -> 8255 | I73: 10914 | J73: =IF(Table2[[#This Row],[Production(Tones)]]="",Table2[[#This Row],[Area Blanks]]*Table2[[#This Row],[Yield]],Table2[[#This Row],[Production(Tones)]]) -> 10914 | K73: 861.9 | L73: =IF(Table2[[#This Row],[Annual_Rainfall(mm)]]="",_xlfn.XLOOKUP(Table2[[#This Row],[State]],'pivot tables'!$J$3:$J$32,'pivot tables'!$K$3:$K$32),Table2[[#This Row],[Annual_Rainfall(mm)]]) -> 861.9 | M73: =Table2[[#This Row],[Crop]]&Table2[[#This Row],[State]] -> WheatAndhra Pradesh | N73: 1382877.6 | O73: =IF(Table2[[#This Row],[Fertilizer(kg)]]="",_xlfn.XLOOKUP(Table2[[#This Row],[crop&state]],'pivot tables'!$O$3:$O$151,'pivot tables'!$P$3:$P$151),Table2[[#This Row],[Fertilizer(kg)]]) -> 1382877.6 | P73: 2724.15 | Q73: =IF(Table2[[#This Row],[Pesticide(kg)]]="",_xlfn.XLOOKUP(Table2[[#This Row],[crop&state]],'pivot tables'!$O$3:$O$151,'pivot tables'!$Q$3:$Q$151),Table2[[#This Row],[Pesticide(kg)]]) -> 2724.15 | R73: 1.307 | S73: =IF(Table2[[#This Row],[Yield]]="",IFERROR(Table2[[#This Row],[Production(Tones)]]/Table2[[#This Row],[Area(hectare)]],""),Table2[[#This Row],[Yield]]) -> 1.307 | T73: 28.331 | U73: =IF(Table2[[#This Row],[Avg_Temperature(°C)]]="",IFERROR((Table2[[#This Row],[Max_Temperature(°C)]]+Table2[[#This Row],[Min_Temperature(°C)]])/2,""),Table2[[#This Row],[Avg_Temperature(°C)]]) -> 28.331 | V73: 38.133 | W73: =IF(Table2[[#This Row],[Max_Temperature(°C)]]="",_xlfn.XLOOKUP(Table2[[#This Row],[State]],'pivot tables'!$T$2:$T$33,'pivot tables'!$V$2:$V$33),Table2[[#This Row],[Max_Temperature(°C)]]) -> 38.133 | X73: 19.903 | Y73: =IF(Table2[[#This Row],[Min_Temperature(°C)]]="",_xlfn.XLOOKUP(Table2[[#This Row],[State]],'pivot tables'!$T$2:$T$33,'pivot tables'!$W$2:$W$33),Table2[[#This Row],[Min_Temperature(°C)]]) -> 19.903
A74: Ragi | B74: 2011 | C74: Kharif | D74: =PROPER(TRIM(Table2[[#This Row],[Season]])) -> Kharif | E74: =IF(Table2[[#This Row],[Season]]="",_xlfn.XLOOKUP(Table2[[#This Row],[State]],'pivot tables'!$F$3:$F$33,'pivot tables'!$G$3:$G$33),Table2[[#This Row],[Season]]) -> Kharif | F74: Karnataka | G74: 638473 | H74: =IF(Table2[[#This Row],[Area(hectare)]]="",IFERROR(Table2[[#This Row],[Production(Tones)]]/Table2[[#This Row],[Yield blanks]],""),Table2[[#This Row],[Area(hectare)]]) -> 638473 | I74: 1086824 | J74: =IF(Table2[[#This Row],[Production(Tones)]]="",Table2[[#This Row],[Area Blanks]]*Table2[[#This Row],[Yield]],Table2[[#This Row],[Production(Tones)]]) -> 1086824 | K74: 1178.986 | L74: =IF(Table2[[#This Row],[Annual_Rainfall(mm)]]="",_xlfn.XLOOKUP(Table2[[#This Row],[State]],'pivot tables'!$J$3:$J$32,'pivot tables'!$K$3:$K$32),Table2[[#This Row],[Annual_Rainfall(mm)]]) -> 1178.986 | M74: =Table2[[#This Row],[Crop]]&Table2[[#This Row],[State]] -> RagiKarnataka | N74: 106956997 | O74: =IF(Table2[[#This Row],[Fertilizer(kg)]]="",_xlfn.XLOOKUP(Table2[[#This Row],[crop&state]],'pivot tables'!$O$3:$O$151,'pivot tables'!$P$3:$P$151),Table2[[#This Row],[Fertilizer(kg)]]) -> 106956997 | P74: 210696.09 | Q74: =IF(Table2[[#This Row],[Pesticide(kg)]]="",_xlfn.XLOOKUP(Table2[[#This Row],[crop&state]],'pivot tables'!$O$3:$O$151,'pivot tables'!$Q$3:$Q$151),Table2[[#This Row],[Pesticide(kg)]]) -> 210696.09 | R74: 1.47 | S74: =IF(Table2[[#This Row],[Yield]]="",IFERROR(Table2[[#This Row],[Production(Tones)]]/Table2[[#This Row],[Area(hectare)]],""),Table2[[#This Row],[Yield]]) -> 1.47 | T74: 25.433 | U74: =IF(Table2[[#This Row],[Avg_Temperature(°C)]]="",IFERROR((Table2[[#This Row],[Max_Temperature(°C)]]+Table2[[#This Row],[Min_Temperature(°C)]])/2,""),Table2[[#This Row],[Avg_Temperature(°C)]]) -> 25.433 | V74: 35.125 | W74: =IF(Table2[[#This Row],[Max_Temperature(°C)]]="",_xlfn.XLOOKUP(Table2[[#This Row],[State]],'pivot tables'!$T$2:$T$33,'pivot tables'!$V$2:$V$33),Table2[[#This Row],[Max_Temperature(°C)]]) -> 35.125 | X74: 16.151 | Y74: =IF(Table2[[#This Row],[Min_Temperature(°C)]]="",_xlfn.XLOOKUP(Table2[[#This Row],[State]],'pivot tables'!$T$2:$T$33,'pivot tables'!$W$2:$W$33),Table2[[#This Row],[Min_Temperature(°C)]]) -> 16.151
A75: Ragi | B75: 2011 | C75: Rabi | D75: =PROPER(TRIM(Table2[[#This Row],[Season]])) -> Rabi | E75: =IF(Table2[[#This Row],[Season]]="",_xlfn.XLOOKUP(Table2[[#This Row],[State]],'pivot tables'!$F$3:$F$33,'pivot tables'!$G$3:$G$33),Table2[[#This Row],[Season]]) -> Rabi | F75: Karnataka | G75: 33850 | H75: =IF(Table2[[#This Row],[Area(hectare)]]="",IFERROR(Table2[[#This Row],[Production(Tones)]]/Table2[[#This Row],[Yield blanks]],""),Table2[[#This Row],[Area(hectare)]]) -> 33850 | J75: =IF(Table2[[#This Row],[Production(Tones)]]="",Table2[[#This Row],[Area Blanks]]*Table2[[#This Row],[Yield]],Table2[[#This Row],[Production(Tones)]]) -> 59271.35 | K75: 1178.986 | L75: =IF(Table2[[#This Row],[Annual_Rainfall(mm)]]="",_xlfn.XLOOKUP(Table2[[#This Row],[State]],'pivot tables'!$J$3:$J$32,'pivot tables'!$K$3:$K$32),Table2[[#This Row],[Annual_Rainfall(mm)]]) -> 1178.986 | M75: =Table2[[#This Row],[Crop]]&Table2[[#This Row],[State]] -> RagiKarnataka | N75: 5670552 | O75: =IF(Table2[[#This Row],[Fertilizer(kg)]]="",_xlfn.XLOOKUP(Table2[[#This Row],[crop&state]],'pivot tables'!$O$3:$O$151,'pivot tables'!$P$3:$P$151),Table2[[#This Row],[Fertilizer(kg)]]) -> 5670552 | P75: 11170.5 | Q75: =IF(Table2[[#This Row],[Pesticide(kg)]]="",_xlfn.XLOOKUP(Table2[[#This Row],[crop&state]],'pivot tables'!$O$3:$O$151,'pivot tables'!$Q$3:$Q$151),Table2[[#This Row],[Pesticide(kg)]]) -> 11170.5 | R75: 1.751 | S75: =IF(Table2[[#This Row],[Yield]]="",IFERROR(Table2[[#This Row],[Production(Tones)]]/Table2[[#This Row],[Area(hectare)]],""),Table2[[#This Row],[Yield]]) -> 1.751 | T75: 25.433 | U75: =IF(Table2[[#This Row],[Avg_Temperature(°C)]]="",IFERROR((Table2[[#This Row],[Max_Temperature(°C)]]+Table2[[#This Row],[Min_Temperature(°C)]])/2,""),Table2[[#This Row],[Avg_Temperature(°C)]]) -> 25.433 | V75: 35.125 | W75: =IF(Table2[[#This Row],[Max_Temperature(°C)]]="",_xlfn.XLOOKUP(Table2[[#This Row],[State]],'pivot tables'!$T$2:$T$33,'pivot tables'!$V$2:$V$33),Table2[[#This Row],[Max_Temperature(°C)]]) -> 35.125 | X75: 16.151 | Y75: =IF(Table2[[#This Row],[Min_Temperature(°C)]]="",_xlfn.XLOOKUP(Table2[[#This Row],[State]],'pivot tables'!$T$2:$T$33,'pivot tables'!$W$2:$W$33),Table2[[#This Row],[Min_Temperature(°C)]]) -> 16.151
A76: Ragi | B76: 2011 | C76: Summer | D76: =PROPER(TRIM(Table2[[#This Row],[Season]])) -> Summer | E76: =IF(Table2[[#This Row],[Season]]="",_xlfn.XLOOKUP(Table2[[#This Row],[State]],'pivot tables'!$F$3:$F$33,'pivot tables'!$G$3:$G$33),Table2[[#This Row],[Season]]) -> Summer | F76: Karnataka | G76: 7608 | H76: =IF(Table2[[#This Row],[Area(hectare)]]="",IFERROR(Table2[[#This Row],[Production(Tones)]]/Table2[[#This Row],[Yield blanks]],""),Table2[[#This Row],[Area(hectare)]]) -> 7608 | I76: 14649 | J76: =IF(Table2[[#This Row],[Production(Tones)]]="",Table2[[#This Row],[Area Blanks]]*Table2[[#This Row],[Yield]],Table2[[#This Row],[Production(Tones)]]) -> 14649 | K76: 1178.986 | L76: =IF(Table2[[#This Row],[Annual_Rainfall(mm)]]="",_xlfn.XLOOKUP(Table2[[#This Row],[State]],'pivot tables'!$J$3:$J$32,'pivot tables'!$K$3:$K$32),Table2[[#This Row],[Annual_Rainfall(mm)]]) -> 1178.986 | M76: =Table2[[#This Row],[Crop]]&Table2[[#This Row],[State]] -> RagiKarnataka | N76: 1274492.2 | O76: =IF(Table2[[#This Row],[Fertilizer(kg)]]="",_xlfn.XLOOKUP(Table2[[#This Row],[crop&state]],'pivot tables'!$O$3:$O$151,'pivot tables'!$P$3:$P$151),Table2[[#This Row],[Fertilizer(kg)]]) -> 1274492.2 | P76: 2510.64 | Q76: =IF(Table2[[#This Row],[Pesticide(kg)]]="",_xlfn.XLOOKUP(Table2[[#This Row],[crop&state]],'pivot tables'!$O$3:$O$151,'pivot tables'!$Q$3:$Q$151),Table2[[#This Row],[Pesticide(kg)]]) -> 2510.64 | R76: 1.932 | S76: =IF(Table2[[#This Row],[Yield]]="",IFERROR(Table2[[#This Row],[Production(Tones)]]/Table2[[#This Row],[Area(hectare)]],""),Table2[[#This Row],[Yield]]) -> 1.932 | T76: 25.433 | U76: =IF(Table2[[#This Row],[Avg_Temperature(°C)]]="",IFERROR((Table2[[#This Row],[Max_Temperature(°C)]]+Table2[[#This Row],[Min_Temperature(°C)]])/2,""),Table2[[#This Row],[Avg_Temperature(°C)]]) -> 25.433 | V76: 35.125 | W76: =IF(Table2[[#This Row],[Max_Temperature(°C)]]="",_xlfn.XLOOKUP(Table2[[#This Row],[State]],'pivot tables'!$T$2:$T$33,'pivot tables'!$V$2:$V$33),Table2[[#This Row],[Max_Temperature(°C)]]) -> 35.125 | X76: 16.151 | Y76: =IF(Table2[[#This Row],[Min_Temperature(°C)]]="",_xlfn.XLOOKUP(Table2[[#This Row],[State]],'pivot tables'!$T$2:$T$33,'pivot tables'!$W$2:$W$33),Table2[[#This Row],[Min_Temperature(°C)]]) -> 16.151
A77: Rice | B77: 2011 | C77: Kharif | D77: =PROPER(TRIM(Table2[[#This Row],[Season]])) -> Kharif | E77: =IF(Table2[[#This Row],[Season]]="",_xlfn.XLOOKUP(Table2[[#This Row],[State]],'pivot tables'!$F$3:$F$33,'pivot tables'!$G$3:$G$33),Table2[[#This Row],[Season]]) -> Kharif | F77: Karnataka | G77: 1117720 | H77: =IF(Table2[[#This Row],[Area(hectare)]]="",IFERROR(Table2[[#This Row],[Production(Tones)]]/Table2[[#This Row],[Yield blanks]],""),Table2[[#This Row],[Area(hectare)]]) -> 1117720 | I77: 3218289 | J77: =IF(Table2[[#This Row],[Production(Tones)]]="",Table2[[#This Row],[Area Blanks]]*Table2[[#This Row],[Yield]],Table2[[#This Row],[Production(Tones)]]) -> 3218289 | K77: 1178.986 | L77: =IF(Table2[[#This Row],[Annual_Rainfall(mm)]]="",_xlfn.XLOOKUP(Table2[[#This Row],[State]],'pivot tables'!$J$3:$J$32,'pivot tables'!$K$3:$K$32),Table2[[#This Row],[Annual_Rainfall(mm)]]) -> 1178.986 | M77: =Table2[[#This Row],[Crop]]&Table2[[#This Row],[State]] -> RiceKarnataka | N77: 1.8724045e+08 | O77: =IF(Table2[[#This Row],[Fertilizer(kg)]]="",_xlfn.XLOOKUP(Table2[[#This Row],[crop&state]],'pivot tables'!$O$3:$O$151,'pivot tables'!$P$3:$P$151),Table2[[#This Row],[Fertilizer(kg)]]) -> 1.8724045e+08 | P77: 368847.6 | Q77: =IF(Table2[[#This Row],[Pesticide(kg)]]="",_xlfn.XLOOKUP(Table2[[#This Row],[crop&state]],'pivot tables'!$O$3:$O$151,'pivot tables'!$Q$3:$Q$151),Table2[[#This Row],[Pesticide(kg)]]) -> 368847.6 | R77: 2.703 | S77: =IF(Table2[[#This Row],[Yield]]="",IFERROR(Table2[[#This Row],[Production(Tones)]]/Table2[[#This Row],[Area(hectare)]],""),Table2[[#This Row],[Yield]]) -> 2.703 | T77: 25.433 | U77: =IF(Table2[[#This Row],[Avg_Temperature(°C)]]="",IFERROR((Table2[[#This Row],[Max_Temperature(°C)]]+Table2[[#This Row],[Min_Temperature(°C)]])/2,""),Table2[[#This Row],[Avg_Temperature(°C)]]) -> 25.433 | V77: 35.125 | W77: =IF(Table2[[#This Row],[Max_Temperature(°C)]]="",_xlfn.XLOOKUP(Table2[[#This Row],[State]],'pivot tables'!$T$2:$T$33,'pivot tables'!$V$2:$V$33),Table2[[#This Row],[Max_Temperature(°C)]]) -> 35.125 | X77: 16.151 | Y77: =IF(Table2[[#This Row],[Min_Temperature(°C)]]="",_xlfn.XLOOKUP(Table2[[#This Row],[State]],'pivot tables'!$T$2:$T$33,'pivot tables'!$W$2:$W$33),Table2[[#This Row],[Min_Temperature(°C)]]) -> 16.151
A78: Rice | B78: 2011 | C78: Rabi | D78: =PROPER(TRIM(Table2[[#This Row],[Season]])) -> Rabi | E78: =IF(Table2[[#This Row],[Season]]="",_xlfn.XLOOKUP(Table2[[#This Row],[State]],'pivot tables'!$F$3:$F$33,'pivot tables'!$G$3:$G$33),Table2[[#This Row],[Season]]) -> Rabi | F78: Karnataka | G78: 43192 | H78: =IF(Table2[[#This Row],[Area(hectare)]]="",IFERROR(Table2[[#This Row],[Production(Tones)]]/Table2[[#This Row],[Yield blanks]],""),Table2[[#This Row],[Area(hectare)]]) -> 43192 | I78: 94196 | J78: =IF(Table2[[#This Row],[Production(Tones)]]="",Table2[[#This Row],[Area Blanks]]*Table2[[#This Row],[Yield]],Table2[[#This Row],[Production(Tones)]]) -> 94196 | K78: 1178.986 | L78: =IF(Table2[[#This Row],[Annual_Rainfall(mm)]]="",_xlfn.XLOOKUP(Table2[[#This Row],[State]],'pivot tables'!$J$3:$J$32,'pivot tables'!$K$3:$K$32),Table2[[#This Row],[Annual_Rainfall(mm)]]) -> 1178.986 | M78: =Table2[[#This Row],[Crop]]&Table2[[#This Row],[State]] -> RiceKarnataka | N78: 7235523.8 | O78: =IF(Table2[[#This Row],[Fertilizer(kg)]]="",_xlfn.XLOOKUP(Table2[[#This Row],[crop&state]],'pivot tables'!$O$3:$O$151,'pivot tables'!$P$3:$P$151),Table2[[#This Row],[Fertilizer(kg)]]) -> 7235523.8 | P78: 14253.36 | Q78: =IF(Table2[[#This Row],[Pesticide(kg)]]="",_xlfn.XLOOKUP(Table2[[#This Row],[crop&state]],'pivot tables'!$O$3:$O$151,'pivot tables'!$Q$3:$Q$151),Table2[[#This Row],[Pesticide(kg)]]) -> 14253.36 | R78: 2.378 | S78: =IF(Table2[[#This Row],[Yield]]="",IFERROR(Table2[[#This Row],[Production(Tones)]]/Table2[[#This Row],[Area(hectare)]],""),Table2[[#This Row],[Yield]]) -> 2.378 | T78: 25.433 | U78: =IF(Table2[[#This Row],[Avg_Temperature(°C)]]="",IFERROR((Table2[[#This Row],[Max_Temperature(°C)]]+Table2[[#This Row],[Min_Temperature(°C)]])/2,""),Table2[[#This Row],[Avg_Temperature(°C)]]) -> 25.433 | V78: 35.125 | W78: =IF(Table2[[#This Row],[Max_Temperature(°C)]]="",_xlfn.XLOOKUP(Table2[[#This Row],[State]],'pivot tables'!$T$2:$T$33,'pivot tables'!$V$2:$V$33),Table2[[#This Row],[Max_Temperature(°C)]]) -> 35.125 | X78: 16.151 | Y78: =IF(Table2[[#This Row],[Min_Temperature(°C)]]="",_xlfn.XLOOKUP(Table2[[#This Row],[State]],'pivot tables'!$T$2:$T$33,'pivot tables'!$W$2:$W$33),Table2[[#This Row],[Min_Temperature(°C)]]) -> 16.151
